Deal_ID,Month,Region,Sales_Rep_ID,Deal_Size_USD,Sales_Cycle_Days,Monthly_Revenue_USD,Deal_Status
D-0001,1,West,REP-029,33854.81,46,34297.88,Won
D-0002,2,Central,REP-012,38628.5,55,35775.28,Won
D-0003,3,Central,REP-007,41541.02,40,43413.59,Won
D-0004,4,West,REP-029,26212.43,55,28067.3,Pending
D-0005,5,East,REP-011,30907.62,61,28738.42,Lost
D-0006,6,East,REP-001,34255.1,43,33442.29,Lost
D-0007,7,East,REP-006,37295.2,60,38096.66,Lost
D-0008,8,Central,REP-015,34508.08,36,29652.65,Won
D-0009,9,West,REP-015,34730.6,54,35476.64,Pending
D-0010,10,Central,REP-019,44794.92,41,38384.69,Won
D-0011,11,East,REP-011,28137.71,60,29729.51,Won
D-0012,12,Central,REP-026,39497.43,60,37778.64,Lost
D-0013,13,Central,REP-023,31690.11,70,27137.69,Won
D-0014,14,East,REP-026,35807.37,66,33730.64,Lost
D-0015,15,East,REP-002,43324.73,54,40995.27,Won
D-0016,16,East,REP-014,35743.39,47,39562.65,Lost
D-0017,17,East,REP-002,33782.48,61,34367.94,Won
D-0018,18,West,REP-029,39535.61,57,35754.91,Won
D-0019,19,West,REP-004,36783.99,70,42849.92,Lost
D-0020,20,East,REP-017,26783.03,41,28460.96,Won
D-0021,21,West,REP-003,31872.62,77,30800.68,Won
D-0022,22,East,REP-013,21432.52,65,18102.26,Won
D-0023,23,East,REP-009,26939.23,54,25795.41,Lost
D-0024,24,West,REP-007,30830.26,68,30150.42,Lost
D-0025,1,West,REP-015,34989.47,55,36280.7,Won
D-0026,2,Central,REP-023,38986.83,46,41354.33,Pending
D-0027,3,East,REP-029,37173.08,32,40171.39,Pending
D-0028,4,West,REP-029,39542.08,44,33170.01,Lost
D-0029,5,West,REP-011,34359,56,35075.41,Lost
D-0030,6,East,REP-020,31399.26,52,30898.07,Won
D-0031,7,West,REP-002,43110.63,48,54655.56,Lost
D-0032,8,East,REP-015,32861.52,60,33074.11,Won
D-0033,9,East,REP-014,38260.05,56,35877.78,Won
D-0034,10,Central,REP-020,41756.24,58,42217.09,Pending
D-0035,11,Central,REP-022,35013.35,49,34983.35,Lost
D-0036,12,Central,REP-011,29538.47,49,23663.15,Won
D-0037,13,East,REP-027,32546.95,40,33875.86,Won
D-0038,14,East,REP-003,38147.7,52,36963,Lost
D-0039,15,West,REP-017,33711.24,62,33621.26,Won
D-0040,16,West,REP-030,26274.29,54,23979.05,Won
D-0041,17,East,REP-012,34903.22,60,31085.11,Won
D-0042,18,West,REP-024,35387.66,66,38497.82,Won
D-0043,19,East,REP-028,29383.44,61,32640.47,Lost
D-0044,20,Central,REP-029,33831.22,63,35245.7,Won
D-0045,21,East,REP-021,31625.09,49,25898.43,Lost
D-0046,22,West,REP-015,29032.85,58,30435.32,Won
D-0047,23,East,REP-016,23172.32,75,19010.72,Lost
D-0048,24,West,REP-005,34649.77,63,32358.81,Pending
D-0049,1,West,REP-027,41796.05,60,45413.75,Lost
D-0050,2,East,REP-020,40539.43,39,43205.3,Pending
D-0051,3,Central,REP-006,44962.63,48,47017.28,Pending
D-0052,4,Central,REP-019,41585.97,44,47045.8,Won
D-0053,5,Central,REP-025,39912.83,52,42148.01,Lost
D-0054,6,Central,REP-005,25033.86,55,19979.48,Pending
D-0055,7,West,REP-003,41704.47,54,40163.37,Won
D-0056,8,Central,REP-027,35755.4,58,35606.63,Won
D-0057,9,East,REP-001,36522.46,50,35942.69,Pending
D-0058,10,East,REP-026,36176.67,50,33944.08,Lost
D-0059,11,East,REP-028,38069.16,38,34147.45,Won
D-0060,12,East,REP-006,39430.88,58,48897.22,Won
D-0061,13,West,REP-015,36611.21,55,35187.96,Lost
D-0062,14,East,REP-002,35436.43,54,43769.67,Won
D-0063,15,Central,REP-029,33837.56,53,29975.72,Lost
D-0064,16,West,REP-003,15541.95,55,16563.15,Lost
D-0065,17,East,REP-017,30482.04,55,31182.04,Lost
D-0066,18,West,REP-025,26832.05,53,24358.27,Won
D-0067,19,East,REP-024,37213.7,60,35473.74,Lost
D-0068,20,Central,REP-012,33875.19,63,33823.93,Lost
D-0069,21,East,REP-018,28109.32,53,25736.56,Lost
D-0070,22,Central,REP-015,28231.41,57,27508.29,Won
D-0071,23,Central,REP-012,27670.09,59,21126.39,Won
D-0072,24,East,REP-016,27200.87,62,29136.25,Pending
D-0073,1,East,REP-027,30777.21,43,34554.04,Won
D-0074,2,Central,REP-008,29313.6,51,30645.51,Won
D-0075,3,Central,REP-028,37385.23,33,45850.22,Won
D-0076,4,Central,REP-014,42236.57,35,45117.51,Lost
D-0077,5,Central,REP-025,33791.55,49,37653.28,Won
D-0078,6,East,REP-017,37617.22,43,42275.6,Won
D-0079,7,West,REP-029,39391.3,56,28554.7,Won
D-0080,8,East,REP-021,30373.11,59,31659.94,Lost
D-0081,9,Central,REP-008,34860.12,52,30039.19,Won
D-0082,10,West,REP-015,31247.4,43,27557.38,Won
D-0083,11,East,REP-027,42230.6,60,37978.09,Won
D-0084,12,East,REP-014,41632.3,54,40330.39,Pending
D-0085,13,East,REP-018,28478.29,42,30330.68,Won
D-0086,14,East,REP-020,34989.42,43,36507.93,Won
D-0087,15,Central,REP-007,38018,67,37970.16,Won
D-0088,16,West,REP-003,36541.65,67,39182.45,Pending
D-0089,17,Central,REP-029,32327.82,36,34860.66,Lost
D-0090,18,West,REP-012,38072.79,46,39757.98,Pending
D-0091,19,East,REP-021,26637.43,67,22043.79,Lost
D-0092,20,Central,REP-024,29264.54,59,27100.91,Won
D-0093,21,Central,REP-028,26011.79,65,26080.27,Lost
D-0094,22,West,REP-026,33932.47,60,36421.25,Won
D-0095,23,Central,REP-003,26726.82,66,23175.95,Lost
D-0096,24,West,REP-020,28403.75,62,28371.53,Won
D-0097,1,West,REP-014,41088.35,41,34655.46,Won
D-0098,2,West,REP-015,41111.25,54,45328.93,Pending
D-0099,3,East,REP-025,32704.37,48,33496.95,Won
D-0100,4,East,REP-030,42143.28,52,36470.22,Pending
D-0101,5,East,REP-014,38758.45,49,33515.48,Won
D-0102,6,West,REP-007,30691.49,44,31880.57,Won
D-0103,7,East,REP-017,29081.42,62,33079.53,Pending
D-0104,8,West,REP-030,35260.9,53,31393.54,Lost
D-0105,9,Central,REP-012,39210.47,48,42294.78,Lost
D-0106,10,East,REP-020,38958.58,61,36846.1,Won
D-0107,11,West,REP-004,35980.83,41,38942.76,Won
D-0108,12,Central,REP-009,34063.37,71,36390.55,Lost
D-0109,13,East,REP-006,35998.69,52,36557.75,Lost
D-0110,14,East,REP-016,28783.35,44,23503.36,Won
D-0111,15,East,REP-025,41114.94,70,43915.63,Pending
D-0112,16,East,REP-028,40669.69,52,42711.39,Lost
D-0113,17,Central,REP-022,34064.06,58,35462.15,Pending
D-0114,18,Central,REP-022,32526.5,63,33162.96,Lost
D-0115,19,West,REP-021,29102.9,67,26545.37,Lost
D-0116,20,Central,REP-021,33423.74,61,37043.41,Won
D-0117,21,Central,REP-002,26943.41,54,29363.31,Won
D-0118,22,East,REP-024,18901.94,62,16869.18,Pending
D-0119,23,Central,REP-008,16069.46,58,18181.47,Won
D-0120,24,West,REP-011,25262.51,64,25595.14,Won
D-0121,1,Central,REP-013,38781.89,58,39282.71,Won
D-0122,2,Central,REP-017,39279.86,51,38587.14,Won
D-0123,3,East,REP-008,34806.21,48,34534.75,Pending
D-0124,4,East,REP-021,37569.18,53,42719.53,Pending
D-0125,5,East,REP-018,35108.86,54,38735.87,Won
D-0126,6,West,REP-030,31103.44,40,34250.63,Won
D-0127,7,Central,REP-018,35451.28,49,36105.58,Lost
D-0128,8,Central,REP-014,39404.79,70,42908.55,Lost
D-0129,9,East,REP-015,30189.69,60,27670.93,Pending
D-0130,10,West,REP-006,29811.98,47,31551.34,Lost
D-0131,11,West,REP-011,28853.75,47,28410.88,Won
D-0132,12,East,REP-013,24137.41,48,19165.57,Won
D-0133,13,East,REP-025,31038.99,60,26115.89,Pending
D-0134,14,East,REP-001,36630.43,67,34201.91,Lost
D-0135,15,Central,REP-028,33549.58,60,34942.4,Lost
D-0136,16,East,REP-006,31453.75,57,29371.26,Won
D-0137,17,West,REP-009,32565.32,53,30640.33,Lost
D-0138,18,Central,REP-008,29095.09,60,31315.81,Lost
D-0139,19,West,REP-011,21420.57,51,20231.7,Won
D-0140,20,Central,REP-022,34698.59,43,39316.31,Won
D-0141,21,Central,REP-019,35755.62,73,39921.6,Won
D-0142,22,East,REP-024,26379.22,52,26436.94,Won
D-0143,23,West,REP-009,28885.82,58,31062.26,Won
D-0144,24,East,REP-017,28075,67,29807.91,Won
D-0145,1,East,REP-012,39756.44,56,38779.77,Lost
D-0146,2,East,REP-025,46069.47,47,50038.97,Won
D-0147,3,West,REP-014,43038.96,36,47381.17,Won
D-0148,4,West,REP-015,34975.43,44,31644.25,Pending
D-0149,5,East,REP-016,39192.32,42,39794.11,Lost
D-0150,6,East,REP-022,42371.78,48,42975.6,Lost
D-0151,7,Central,REP-022,37761.73,59,40970.04,Won
D-0152,8,East,REP-028,35316.5,29,33748.95,Lost
D-0153,9,East,REP-020,37190,47,34966.93,Won
D-0154,10,West,REP-001,31063.64,47,31588.62,Lost
D-0155,11,Central,REP-010,31413.59,42,35124.67,Won
D-0156,12,East,REP-008,28499.83,57,25081.62,Lost
D-0157,13,West,REP-018,34975.32,42,31391.03,Won
D-0158,14,Central,REP-028,32402.99,44,30716.39,Lost
D-0159,15,East,REP-001,28564.41,62,27585.86,Won
D-0160,16,Central,REP-002,31479.1,68,25921.21,Won
D-0161,17,West,REP-001,34269.99,56,39404.31,Won
D-0162,18,West,REP-001,41113.56,48,40577.82,Lost
D-0163,19,West,REP-009,36220.34,52,35205.79,Pending
D-0164,20,West,REP-013,19359.26,67,22500.57,Lost
D-0165,21,East,REP-030,31596.54,60,33864.52,Won
D-0166,22,Central,REP-001,37166.62,59,35176.64,Won
D-0167,23,East,REP-013,22950.63,64,23328.42,Pending
D-0168,24,East,REP-020,32017.8,61,31884.16,Won
D-0169,1,East,REP-026,36816.79,57,42149.15,Lost
D-0170,2,West,REP-022,43371.45,39,42645.31,Pending
D-0171,3,West,REP-007,39261.29,39,33599.57,Pending
D-0172,4,East,REP-002,32439.92,36,26350.22,Won
D-0173,5,West,REP-006,35475.74,43,40708.99,Won
D-0174,6,East,REP-007,35391.52,40,32600.49,Won
D-0175,7,West,REP-026,35104.11,51,37456.83,Lost
D-0176,8,East,REP-014,40936.31,50,41230.09,Won
D-0177,9,West,REP-026,30746.9,42,29465.82,Won
D-0178,10,West,REP-018,39595.26,56,38566.38,Won
D-0179,11,Central,REP-015,32688.75,64,37864.62,Won
D-0180,12,East,REP-002,34937.56,56,29878.38,Lost
D-0181,13,East,REP-010,33801.89,33,32495.6,Lost
D-0182,14,East,REP-023,32950.97,70,35938.2,Won
D-0183,15,Central,REP-012,32611.99,61,28427.4,Won
D-0184,16,Central,REP-017,39586.79,71,44801.49,Pending
D-0185,17,East,REP-008,36132.25,65,39356.15,Won
D-0186,18,West,REP-011,29726.42,68,30534.37,Lost
D-0187,19,Central,REP-029,39073.94,60,37107.9,Pending
D-0188,20,West,REP-003,32153.41,57,27614.74,Won
D-0189,21,West,REP-027,32188.12,62,34463.97,Lost
D-0190,22,East,REP-006,25833.4,55,32934.09,Pending
D-0191,23,East,REP-009,27152.51,64,27548.64,Won
D-0192,24,Central,REP-006,25817.48,41,21103.09,Won
D-0193,1,Central,REP-009,38430.36,45,40188.62,Won
D-0194,2,West,REP-007,40813.92,56,44324.99,Won
D-0195,3,East,REP-009,39076.16,47,35489.55,Lost
D-0196,4,East,REP-018,44800.22,61,41908.31,Pending
D-0197,5,Central,REP-012,32041.21,45,29646.52,Lost
D-0198,6,Central,REP-008,36674.35,56,34725.6,Won
D-0199,7,Central,REP-008,29305.3,42,28800.77,Won
D-0200,8,Central,REP-018,30730.65,57,28085.04,Lost
D-0201,9,West,REP-028,41282.89,52,36181,Won
D-0202,10,East,REP-030,32264.18,49,32826.78,Lost
D-0203,11,East,REP-020,30183.18,31,29631.85,Won
D-0204,12,Central,REP-030,23170.12,51,22159.34,Lost
D-0205,13,West,REP-015,29373.23,55,29617.58,Lost
D-0206,14,East,REP-027,32033.6,61,27163.93,Won
D-0207,15,East,REP-007,25892.99,67,26574.5,Won
D-0208,16,West,REP-011,30986.08,72,29698.03,Won
D-0209,17,East,REP-020,38273.16,66,39189.76,Won
D-0210,18,East,REP-016,28003.47,53,29122.63,Lost
D-0211,19,West,REP-004,26443.08,56,29434.2,Lost
D-0212,20,West,REP-006,25160.49,65,25419.53,Lost
D-0213,21,West,REP-026,24691.18,64,27325.03,Pending
D-0214,22,East,REP-022,32697.89,73,31645.3,Won
D-0215,23,Central,REP-026,29883.34,81,29064.01,Won
D-0216,24,East,REP-003,34044.28,80,33734.73,Won
D-0217,1,East,REP-009,48099.19,56,51822.67,Lost
D-0218,2,Central,REP-028,28468.04,49,30264.26,Won
D-0219,3,West,REP-010,39140.39,57,39669.07,Lost
D-0220,4,Central,REP-014,31266.9,60,27428.16,Won
D-0221,5,West,REP-011,40424.5,46,42902.76,Pending
D-0222,6,West,REP-018,34740.44,44,31747.88,Pending
D-0223,7,East,REP-022,35856.61,43,32572.52,Won
D-0224,8,West,REP-012,28924.11,43,25631.15,Won
D-0225,9,East,REP-023,32827.86,39,32554.84,Lost
D-0226,10,East,REP-012,35028.31,53,39272.78,Won
D-0227,11,Central,REP-013,40980.39,44,37024.31,Won
D-0228,12,West,REP-025,29847.2,46,34857.28,Lost
D-0229,13,Central,REP-013,30686.54,59,33478.44,Won
D-0230,14,West,REP-019,37781.45,56,32247.97,Lost
D-0231,15,Central,REP-026,28383.3,58,27296.86,Lost
D-0232,16,West,REP-019,38011.93,67,34057.73,Won
D-0233,17,West,REP-023,31874.57,63,33994.08,Won
D-0234,18,West,REP-014,33055.61,69,29789.18,Won
D-0235,19,East,REP-004,32997.61,59,27648.3,Lost
D-0236,20,Central,REP-013,27698.9,72,26796.67,Won
D-0237,21,East,REP-008,32349.43,62,36132.36,Pending
D-0238,22,East,REP-029,26158.15,62,25654.56,Won
D-0239,23,West,REP-023,27129.48,73,28210.44,Won
D-0240,24,East,REP-021,32053.45,55,33454.93,Won
D-0241,1,Central,REP-023,39466.97,61,33498.48,Won
D-0242,2,Central,REP-019,37245.18,43,33895.44,Won
D-0243,3,Central,REP-012,30946.34,36,30966.35,Lost
D-0244,4,West,REP-018,31814.21,52,30041.03,Won
D-0245,5,East,REP-006,37863.55,44,44317.21,Won
D-0246,6,Central,REP-018,39760.7,64,34876.81,Won
D-0247,7,West,REP-019,30171.77,46,27428.37,Lost
D-0248,8,Central,REP-022,31140.87,52,32045.65,Lost
D-0249,9,Central,REP-005,35630.93,39,33393.68,Won
D-0250,10,Central,REP-024,35143.94,58,24980.9,Lost
D-0251,11,East,REP-009,26080.21,46,31125.9,Won
D-0252,12,West,REP-027,34627.82,58,30907.73,Lost
D-0253,13,Central,REP-003,30448.16,50,32155.98,Won
D-0254,14,East,REP-028,41265.23,38,36093.09,Won
D-0255,15,East,REP-010,33925.99,56,30998.06,Pending
D-0256,16,West,REP-019,34407.37,56,28823.28,Won
D-0257,17,Central,REP-003,34156.8,64,31625.12,Lost
D-0258,18,West,REP-029,25470.36,70,23829.35,Won
D-0259,19,West,REP-029,40879.38,73,40337.46,Lost
D-0260,20,East,REP-022,22665.44,66,21821,Pending
D-0261,21,West,REP-015,34378.52,62,29422.78,Won
D-0262,22,Central,REP-001,33113.32,49,31378.51,Lost
D-0263,23,East,REP-007,27254.99,63,31198.81,Lost
D-0264,24,West,REP-012,32592.25,63,36921.78,Lost
D-0265,1,Central,REP-017,36412.13,43,38071.39,Won
D-0266,2,Central,REP-030,34242.69,50,36513.32,Pending
D-0267,3,West,REP-021,39587.8,55,47746.14,Won
D-0268,4,Central,REP-026,31827.2,40,33645.32,Won
D-0269,5,West,REP-029,35358.72,41,37636.5,Pending
D-0270,6,East,REP-024,33129.12,47,27945.79,Lost
D-0271,7,Central,REP-020,34040.1,44,30252.7,Won
D-0272,8,Central,REP-005,37503.64,37,37381.04,Won
D-0273,9,Central,REP-004,31988.17,43,29405.31,Won
D-0274,10,Central,REP-028,33618.38,41,30263.42,Won
D-0275,11,West,REP-012,31684.27,62,28888.27,Won
D-0276,12,West,REP-030,41039.98,66,35197.65,Lost
D-0277,13,Central,REP-020,35153.06,45,32371.1,Won
D-0278,14,West,REP-028,34160.35,59,35319.87,Lost
D-0279,15,Central,REP-024,36097.09,62,42581.3,Lost
D-0280,16,Central,REP-018,29329.33,44,31666.82,Won
D-0281,17,Central,REP-017,36216.29,58,38520.21,Won
D-0282,18,East,REP-019,33270.89,78,27869.25,Won
D-0283,19,West,REP-009,23355.55,63,23634.17,Won
D-0284,20,East,REP-004,23639.85,57,23481.55,Lost
D-0285,21,West,REP-026,27538.51,55,28339.17,Won
D-0286,22,East,REP-021,23414.97,44,22570.42,Lost
D-0287,23,West,REP-002,28448.61,65,33176.98,Won
D-0288,24,West,REP-004,24191.31,77,24318.98,Won
D-0289,1,East,REP-002,37511.38,38,38074.89,Won
D-0290,2,West,REP-015,44678.55,30,35910.65,Won
D-0291,3,East,REP-002,36993.12,41,36598.49,Won
D-0292,4,East,REP-004,35345.18,54,39407.26,Won
D-0293,5,Central,REP-006,38421.21,44,40555.8,Pending
D-0294,6,West,REP-007,32617.9,42,25586.82,Lost
D-0295,7,East,REP-010,39937.07,49,38141.2,Won
D-0296,8,West,REP-019,37816.06,52,44365.43,Won
D-0297,9,Central,REP-019,35154.33,39,34624.76,Won
D-0298,10,East,REP-026,35351.58,50,36491.37,Won
D-0299,11,West,REP-022,44408.73,48,51598.54,Won
D-0300,12,East,REP-029,38531.56,48,37935.81,Won
D-0301,13,East,REP-012,44437.63,45,47952.78,Won
D-0302,14,West,REP-003,35720.15,62,37189.66,Won
D-0303,15,West,REP-013,25321.54,50,26904.52,Won
D-0304,16,West,REP-018,30989.13,40,32164.29,Won
D-0305,17,Central,REP-008,23418.98,59,22136.48,Lost
D-0306,18,Central,REP-021,34181.52,63,32650.88,Won
D-0307,19,West,REP-015,34887.02,52,31905.66,Won
D-0308,20,East,REP-001,26350.42,54,22029.72,Lost
D-0309,21,Central,REP-003,27121.82,54,30497.21,Pending
D-0310,22,East,REP-026,30763.75,57,30794.77,Pending
D-0311,23,West,REP-008,23649.48,70,26473.61,Lost
D-0312,24,East,REP-004,22894.2,61,26478,Won
D-0313,1,East,REP-016,44193.16,51,44429.23,Lost
D-0314,2,Central,REP-030,38193.55,37,33176.87,Lost
D-0315,3,Central,REP-023,34449.45,43,33773.6,Won
D-0316,4,West,REP-010,28399.41,54,26493.4,Won
D-0317,5,West,REP-012,40741.76,41,32674.28,Pending
D-0318,6,East,REP-014,32677.41,56,31037.89,Won
D-0319,7,East,REP-014,45023.42,44,44701.34,Won
D-0320,8,East,REP-002,39636.55,47,37086.63,Won
D-0321,9,West,REP-023,30919.29,64,28533.73,Won
D-0322,10,Central,REP-005,31002.64,48,27041.94,Won
D-0323,11,West,REP-005,42809.26,53,43647.98,Lost
D-0324,12,East,REP-006,33398.7,58,39641.82,Lost
D-0325,13,Central,REP-013,30873.44,55,34821,Won
D-0326,14,Central,REP-009,33198.61,56,35368.56,Pending
D-0327,15,West,REP-030,30090.44,55,32122.77,Won
D-0328,16,West,REP-022,33505.24,45,33060.82,Won
D-0329,17,West,REP-028,31540.88,59,25849.29,Lost
D-0330,18,East,REP-029,35917.54,51,34590.63,Lost
D-0331,19,West,REP-015,29217.13,64,26385.18,Lost
D-0332,20,Central,REP-014,26355.92,70,26763.64,Pending
D-0333,21,East,REP-024,28655.08,45,32188.86,Lost
D-0334,22,East,REP-007,28244.58,71,33818.39,Pending
D-0335,23,East,REP-025,29252.33,58,29441.36,Won
D-0336,24,East,REP-020,32432.7,61,27025.66,Lost
D-0337,1,Central,REP-002,40899.54,37,41155.89,Pending
D-0338,2,Central,REP-007,43618.29,47,44010.23,Lost
D-0339,3,West,REP-006,33182.55,47,35435.13,Won
D-0340,4,East,REP-017,38803.6,55,38729.11,Won
D-0341,5,West,REP-027,40116.6,42,40383.45,Lost
D-0342,6,West,REP-025,32728.9,62,30660.23,Won
D-0343,7,East,REP-025,34681.84,54,33600.11,Pending
D-0344,8,West,REP-028,26590.11,50,27954.8,Won
D-0345,9,West,REP-002,39494.29,49,31561.92,Won
D-0346,10,West,REP-003,33502.51,49,32439.51,Pending
D-0347,11,West,REP-005,38232.82,50,40862.86,Won
D-0348,12,East,REP-005,34850.25,54,40568.23,Won
D-0349,13,West,REP-001,32514.17,52,31219.02,Lost
D-0350,14,West,REP-008,25095.99,49,28070.79,Lost
D-0351,15,West,REP-012,25605.24,56,29932.58,Won
D-0352,16,Central,REP-024,19334.27,49,18589.16,Pending
D-0353,17,West,REP-004,29106.93,59,27482.16,Won
D-0354,18,East,REP-013,42931.24,55,42149.58,Lost
D-0355,19,East,REP-023,24720.26,64,24517.68,Won
D-0356,20,West,REP-015,17622.84,67,19545.18,Lost
D-0357,21,East,REP-011,35213.34,67,32488.8,Won
D-0358,22,West,REP-010,41838.59,63,48273.64,Won
D-0359,23,Central,REP-003,31129.61,64,28636.88,Won
D-0360,24,West,REP-022,30703.66,59,26821.41,Lost
D-0361,1,West,REP-014,36450.59,50,38359.79,Won
D-0362,2,West,REP-016,28648.71,52,32174.11,Lost
D-0363,3,West,REP-010,29986.44,33,30522.16,Lost
D-0364,4,West,REP-029,35276.23,50,36811.05,Won
D-0365,5,Central,REP-010,33937.72,58,40570.16,Won
D-0366,6,West,REP-012,35524.14,45,39945.66,Won
D-0367,7,Central,REP-030,39866.62,44,39989.91,Lost
D-0368,8,Central,REP-009,32430.81,46,31032.57,Won
D-0369,9,East,REP-001,39208.58,38,43502.15,Won
D-0370,10,East,REP-005,31703.55,52,34332.68,Lost
D-0371,11,East,REP-020,39391.2,52,41040.02,Lost
D-0372,12,East,REP-008,34251.84,54,33131.76,Won
D-0373,13,East,REP-011,31260.85,57,31022.05,Won
D-0374,14,West,REP-012,33406.47,48,32913.66,Lost
D-0375,15,East,REP-001,31212.31,57,30243.57,Pending
D-0376,16,East,REP-025,32865.67,59,30889.96,Pending
D-0377,17,Central,REP-022,35710.53,53,36657.57,Lost
D-0378,18,East,REP-020,31103.92,61,29093.63,Won
D-0379,19,Central,REP-028,29312.16,59,29832.09,Won
D-0380,20,East,REP-025,25162.42,54,19878.63,Won
D-0381,21,East,REP-011,33295.89,62,31298.56,Won
D-0382,22,West,REP-005,31761.36,58,35249.8,Lost
D-0383,23,West,REP-015,23730.29,67,21593.54,Won
D-0384,24,Central,REP-005,33437.47,60,35417.31,Won
D-0385,1,Central,REP-012,32009.08,34,29393.03,Pending
D-0386,2,Central,REP-005,42766.11,47,46083.84,Won
D-0387,3,East,REP-017,40679.32,48,39470.7,Won
D-0388,4,East,REP-017,38958.33,38,37646.81,Won
D-0389,5,Central,REP-024,34595.02,54,34783.05,Lost
D-0390,6,Central,REP-012,38978.9,54,33742.37,Lost
D-0391,7,Central,REP-024,41101.86,42,45097.33,Won
D-0392,8,West,REP-028,38301.76,44,43294.14,Won
D-0393,9,West,REP-015,31608.75,49,30470.74,Lost
D-0394,10,Central,REP-015,35917.03,45,37799.82,Lost
D-0395,11,East,REP-006,39860.17,57,42964.93,Pending
D-0396,12,Central,REP-012,44815.49,54,44406.52,Lost
D-0397,13,Central,REP-027,32413.94,45,28821.67,Lost
D-0398,14,West,REP-029,37349.42,48,43303.22,Won
D-0399,15,Central,REP-020,38352.4,65,36846.99,Won
D-0400,16,Central,REP-018,28237.98,68,26517.9,Won
D-0401,17,East,REP-014,40830.39,61,47521.64,Lost
D-0402,18,Central,REP-002,26214.08,56,27813.29,Lost
D-0403,19,West,REP-009,35204.93,54,36111.21,Won
D-0404,20,Central,REP-005,32306.6,63,29170.4,Won
D-0405,21,East,REP-020,30677.88,60,33140.71,Won
D-0406,22,Central,REP-026,42754.17,47,55137.99,Pending
D-0407,23,West,REP-029,28133.72,69,30610.92,Lost
D-0408,24,East,REP-001,27673.27,73,29046.11,Lost
D-0409,1,Central,REP-023,44657.39,50,47877.61,Lost
D-0410,2,East,REP-003,41429.02,37,40069.67,Pending
D-0411,3,East,REP-006,43650.49,41,42176.63,Lost
D-0412,4,Central,REP-005,37444.35,32,36132.13,Lost
D-0413,5,Central,REP-021,38064.71,60,35876.18,Won
D-0414,6,West,REP-027,45604.68,45,43997.36,Won
D-0415,7,West,REP-005,31540.23,68,30413.91,Won
D-0416,8,West,REP-001,34825.61,65,33973.49,Won
D-0417,9,East,REP-017,38951.27,43,37889.15,Pending
D-0418,10,East,REP-019,33600.7,46,34417.23,Won
D-0419,11,West,REP-014,31349.27,56,31596.28,Pending
D-0420,12,Central,REP-012,36912.42,39,37530.2,Won
D-0421,13,Central,REP-010,40119.03,50,46226.34,Won
D-0422,14,Central,REP-020,32355.83,50,32604.11,Pending
D-0423,15,East,REP-021,31837.05,70,38875.88,Won
D-0424,16,West,REP-018,29061.56,57,30086.53,Won
D-0425,17,East,REP-024,30440.12,54,29078.65,Won
D-0426,18,West,REP-027,36958.03,52,41945.82,Lost
D-0427,19,West,REP-011,31565.31,65,31314.28,Won
D-0428,20,Central,REP-030,26755.05,55,20350.73,Lost
D-0429,21,West,REP-002,31711.81,59,31699.12,Lost
D-0430,22,East,REP-025,35275.97,55,34396.98,Lost
D-0431,23,East,REP-018,26830.57,49,31141.03,Lost
D-0432,24,Central,REP-029,22616.97,54,20586.95,Won
D-0433,1,West,REP-025,48954.13,40,47325.64,Won
D-0434,2,East,REP-007,30727.35,43,34622.47,Lost
D-0435,3,East,REP-024,35444.89,44,36842.86,Won
D-0436,4,Central,REP-015,38020.64,46,37368.75,Won
D-0437,5,East,REP-011,35117.86,44,32461.25,Won
D-0438,6,Central,REP-018,35725.45,59,36982.07,Pending
D-0439,7,Central,REP-023,38604.19,57,38491.08,Won
D-0440,8,East,REP-012,23381.39,49,21586.1,Won
D-0441,9,East,REP-006,28625.53,53,26576.38,Lost
D-0442,10,Central,REP-020,34801.3,48,31966.83,Lost
D-0443,11,West,REP-023,32178.91,29,28984.98,Won
D-0444,12,West,REP-030,34467.06,53,37686.4,Won
D-0445,13,Central,REP-013,34578.27,56,37342.43,Lost
D-0446,14,Central,REP-020,22480.4,41,24583.83,Pending
D-0447,15,Central,REP-016,39048.2,59,39065.77,Lost
D-0448,16,Central,REP-018,29808.66,54,29085.42,Won
D-0449,17,West,REP-010,27592.43,59,26973.31,Won
D-0450,18,East,REP-028,32581.78,55,35908.71,Pending
D-0451,19,Central,REP-023,31695.8,68,25926.7,Lost
D-0452,20,West,REP-008,36763.45,61,34872.03,Won
D-0453,21,West,REP-018,31759.37,68,28941.21,Won
D-0454,22,Central,REP-021,35810.55,69,40680.39,Lost
D-0455,23,East,REP-001,24949.11,52,23757.9,Won
D-0456,24,West,REP-023,29969.31,56,25066.36,Won
D-0457,1,East,REP-008,32426.26,48,33150.74,Won
D-0458,2,West,REP-029,38108.38,42,36697.93,Won
D-0459,3,East,REP-006,36668.56,44,34626.38,Won
D-0460,4,East,REP-005,36073.51,57,33692.55,Lost
D-0461,5,East,REP-015,35737.36,45,33237.59,Won
D-0462,6,West,REP-022,39781.95,40,42600.74,Won
D-0463,7,Central,REP-015,27683.2,42,28302.72,Won
D-0464,8,West,REP-002,30841.06,67,30230.51,Won
D-0465,9,Central,REP-001,34757.14,49,30939.98,Won
D-0466,10,West,REP-023,28686.68,40,28202.19,Won
D-0467,11,East,REP-023,34430.57,38,35327.93,Lost
D-0468,12,Central,REP-026,33565.74,48,34568.19,Won
D-0469,13,East,REP-011,26421.22,52,26846.29,Won
D-0470,14,Central,REP-010,25794.17,62,23414.42,Won
D-0471,15,East,REP-030,19561.06,62,14860.19,Won
D-0472,16,Central,REP-018,26196.65,56,30911.05,Pending
D-0473,17,East,REP-018,31991.62,53,27801.88,Won
D-0474,18,Central,REP-017,32320.94,60,25970.01,Pending
D-0475,19,West,REP-026,32169.5,44,32589.36,Won
D-0476,20,Central,REP-008,26890.41,75,22296.13,Lost
D-0477,21,East,REP-015,30308.48,65,27869.26,Won
D-0478,22,West,REP-008,32006.22,67,33762.89,Lost
D-0479,23,Central,REP-017,23299.82,52,27430.15,Won
D-0480,24,West,REP-012,29876.65,72,31034.4,Won
D-0481,1,West,REP-027,41282.41,41,39469.45,Lost
D-0482,2,West,REP-008,35166.14,38,34985.32,Lost
D-0483,3,West,REP-025,42551.17,46,34855.43,Won
D-0484,4,West,REP-014,34522.83,46,32966.7,Won
D-0485,5,West,REP-004,32179.7,39,30732.31,Won
D-0486,6,Central,REP-001,38884.21,41,39480.41,Lost
D-0487,7,East,REP-001,45886.47,41,54798.49,Won
D-0488,8,East,REP-019,35766.77,42,28839.48,Won
D-0489,9,Central,REP-016,38134.54,47,36579.88,Lost
D-0490,10,Central,REP-014,32036.41,40,26162.51,Pending
D-0491,11,West,REP-021,27991.92,46,26582.91,Lost
D-0492,12,West,REP-016,34651.33,61,31655.37,Lost
D-0493,13,East,REP-005,35062,60,29822.52,Lost
D-0494,14,East,REP-009,31270.44,46,34125.72,Won
D-0495,15,West,REP-026,35835.28,63,36751.4,Won
D-0496,16,West,REP-030,29029.6,40,31339.94,Lost
D-0497,17,West,REP-028,27409.57,76,25952.33,Won
D-0498,18,East,REP-002,36843.21,68,36582.67,Pending
D-0499,19,Central,REP-018,36486.74,54,42305.06,Won
D-0500,20,Central,REP-006,27608.28,62,27600.77,Won
D-0501,21,West,REP-009,38994.25,48,42144.82,Pending
D-0502,22,West,REP-001,28584.47,61,26819.5,Lost
D-0503,23,East,REP-009,30063.91,60,32216.54,Won
D-0504,24,Central,REP-025,28836.74,55,27253.83,Lost
D-0505,1,West,REP-016,40618.8,41,32915.76,Lost
D-0506,2,East,REP-013,38977.11,41,38947.55,Won
D-0507,3,Central,REP-009,38529.81,37,36717.74,Won
D-0508,4,Central,REP-021,31762.19,40,26601.53,Lost
D-0509,5,Central,REP-013,28037.19,36,28574.08,Pending
D-0510,6,Central,REP-009,41810.8,55,38074.89,Won
D-0511,7,West,REP-011,32992.77,42,43196.25,Pending
D-0512,8,West,REP-004,35094.83,40,29955.4,Pending
D-0513,9,Central,REP-002,36593.99,57,32155.42,Won
D-0514,10,Central,REP-029,42725.05,54,46440.21,Lost
D-0515,11,East,REP-006,35006.79,58,34541.12,Won
D-0516,12,East,REP-014,31846.01,60,34550.38,Won
D-0517,13,West,REP-004,30822.28,69,31994.73,Lost
D-0518,14,Central,REP-006,32873.22,53,30958.99,Pending
D-0519,15,Central,REP-019,28133.18,43,24253.35,Lost
D-0520,16,East,REP-006,32444.38,58,35919.44,Won
D-0521,17,West,REP-002,31659.9,51,27580.68,Won
D-0522,18,West,REP-018,39747.63,50,41969.15,Won
D-0523,19,Central,REP-013,30741.99,59,33567.18,Won
D-0524,20,Central,REP-009,21157.56,66,20889.03,Won
D-0525,21,Central,REP-023,43767.55,53,42436.38,Lost
D-0526,22,West,REP-019,34804.17,70,31380.39,Won
D-0527,23,West,REP-013,40051.74,53,41905.11,Lost
D-0528,24,East,REP-011,23473.4,60,16323.57,Won
D-0529,1,East,REP-001,36890.87,48,39531.24,Lost
D-0530,2,Central,REP-024,40992.01,42,41481.76,Won
D-0531,3,Central,REP-030,39921.96,32,39032.43,Won
D-0532,4,Central,REP-022,38394.69,54,39325,Won
D-0533,5,Central,REP-007,25481.95,43,21981.86,Won
D-0534,6,West,REP-025,27537.8,54,20892.95,Pending
D-0535,7,Central,REP-021,43307.6,39,45336.89,Won
D-0536,8,Central,REP-015,43816.65,41,49585.31,Lost
D-0537,9,Central,REP-001,34426.74,57,28438.55,Pending
D-0538,10,East,REP-012,41532.14,54,37160.96,Lost
D-0539,11,West,REP-026,29083.86,48,31271.91,Won
D-0540,12,East,REP-007,29847.87,56,30919.08,Pending
D-0541,13,Central,REP-015,27928.6,46,36204.14,Won
D-0542,14,West,REP-021,28810.4,55,31909.41,Won
D-0543,15,East,REP-019,36293.48,56,39325.53,Pending
D-0544,16,West,REP-028,27988.24,53,25850.53,Lost
D-0545,17,West,REP-029,43118.72,50,45381.61,Won
D-0546,18,West,REP-025,33840.35,58,38900.89,Won
D-0547,19,East,REP-001,36582.64,58,35981.25,Won
D-0548,20,West,REP-017,33229.7,55,32840.2,Won
D-0549,21,West,REP-017,36471.35,51,36986.88,Won
D-0550,22,Central,REP-003,25680,60,23973.57,Pending
D-0551,23,West,REP-012,36874.67,57,37866.46,Pending
D-0552,24,Central,REP-006,29964.69,53,30695.75,Pending
D-0553,1,West,REP-026,44046.33,45,50565.13,Won
D-0554,2,West,REP-011,30422.18,58,29846.01,Lost
D-0555,3,Central,REP-003,38142.92,43,40716.53,Pending
D-0556,4,West,REP-008,37586.19,59,36986.45,Pending
D-0557,5,East,REP-014,33383.82,64,35519.58,Won
D-0558,6,East,REP-014,37665.59,41,36723.73,Won
D-0559,7,Central,REP-010,43418.03,49,45907.94,Won
D-0560,8,West,REP-002,31859.24,67,34179.34,Lost
D-0561,9,Central,REP-014,39769.27,50,35527.26,Lost
D-0562,10,East,REP-009,28942.88,52,32133.48,Lost
D-0563,11,East,REP-003,44747.22,39,44002.28,Won
D-0564,12,East,REP-021,37743,48,35969.85,Won
D-0565,13,West,REP-026,42065.59,58,39078.9,Won
D-0566,14,West,REP-008,36420.3,74,37506.36,Won
D-0567,15,West,REP-016,34633.07,53,34617.06,Won
D-0568,16,West,REP-002,36264.66,42,37609.38,Lost
D-0569,17,Central,REP-006,31237.76,45,32456.73,Won
D-0570,18,East,REP-028,23450.83,57,24878.01,Lost
D-0571,19,West,REP-021,33397,67,42668.95,Won
D-0572,20,Central,REP-029,27002.48,64,27109.66,Won
D-0573,21,West,REP-026,24891.69,63,23063.21,Won
D-0574,22,West,REP-025,33201.47,71,26495.39,Pending
D-0575,23,Central,REP-012,28244.46,55,24868.35,Won
D-0576,24,Central,REP-005,34398.52,62,38647.94,Lost
D-0577,1,East,REP-002,34055.3,40,36507.02,Won
D-0578,2,Central,REP-016,35265.86,43,30505.01,Pending
D-0579,3,West,REP-005,42991.48,38,53585.49,Lost
D-0580,4,East,REP-015,38259.21,44,39509.39,Won
D-0581,5,West,REP-012,29093.36,47,30432.58,Lost
D-0582,6,Central,REP-004,37388.8,45,45779.69,Won
D-0583,7,West,REP-015,43126.19,48,50627.8,Pending
D-0584,8,East,REP-011,32947.11,53,35520.74,Won
D-0585,9,West,REP-016,37950.29,60,41097.18,Won
D-0586,10,East,REP-023,30333.07,62,33132.16,Lost
D-0587,11,East,REP-006,33516.08,58,32708.46,Lost
D-0588,12,East,REP-014,39269.18,43,40395.39,Won
D-0589,13,East,REP-018,34536.16,51,36519.64,Lost
D-0590,14,East,REP-012,39506.35,52,39005.48,Won
D-0591,15,East,REP-027,34806.51,50,31446.22,Won
D-0592,16,West,REP-011,43393.7,58,42238.86,Lost
D-0593,17,East,REP-013,24095.43,44,21714.97,Won
D-0594,18,East,REP-021,30454.03,71,30650.07,Won
D-0595,19,Central,REP-023,25737.33,68,21154.91,Lost
D-0596,20,West,REP-011,25698.75,63,26575.18,Won
D-0597,21,West,REP-023,25364.08,59,21226.5,Lost
D-0598,22,East,REP-016,30858.63,70,29613.57,Won
D-0599,23,East,REP-015,30771.5,67,32322.7,Won
D-0600,24,East,REP-021,31397.28,71,33881.27,Won
D-0601,1,East,REP-028,32384.7,44,34562.11,Lost
D-0602,2,East,REP-015,35998.88,60,37149.88,Lost
D-0603,3,East,REP-025,32418.53,55,28790.01,Won
D-0604,4,East,REP-004,41539.41,51,45612.8,Won
D-0605,5,East,REP-011,32128.66,58,28606.07,Pending
D-0606,6,West,REP-019,35031.44,45,38865.9,Won
D-0607,7,East,REP-015,38521.53,40,40939.55,Pending
D-0608,8,West,REP-004,32261.86,52,36645.93,Won
D-0609,9,West,REP-021,38429.39,50,38524.96,Lost
D-0610,10,West,REP-013,42560.4,50,39075.71,Won
D-0611,11,East,REP-022,35148.56,62,30605.07,Pending
D-0612,12,Central,REP-019,38328.05,54,33799.29,Lost
D-0613,13,West,REP-002,23072.9,56,19296.38,Won
D-0614,14,East,REP-014,30914.74,52,33826.92,Won
D-0615,15,Central,REP-029,33604.5,62,37191.51,Lost
D-0616,16,Central,REP-004,27035.17,61,28532.11,Lost
D-0617,17,East,REP-016,32958.25,63,32849.35,Won
D-0618,18,East,REP-021,36839.7,53,44432.22,Won
D-0619,19,Central,REP-020,21762.2,68,21548.6,Lost
D-0620,20,Central,REP-014,24834.64,73,25383.27,Won
D-0621,21,East,REP-027,31324.07,66,31174.18,Lost
D-0622,22,East,REP-029,32322.1,54,31228.62,Won
D-0623,23,West,REP-015,33330.4,55,35433.47,Pending
D-0624,24,West,REP-028,29814.45,59,27925.71,Pending
D-0625,1,West,REP-003,40307.56,40,37483.7,Pending
D-0626,2,West,REP-008,42137.4,45,45008.94,Won
D-0627,3,West,REP-016,35167.71,51,33417.73,Pending
D-0628,4,Central,REP-010,33817.07,49,34268.47,Won
D-0629,5,East,REP-004,35637.47,49,34421.06,Lost
D-0630,6,East,REP-030,37097.44,46,37054.59,Won
D-0631,7,Central,REP-018,32428.63,48,30245.25,Won
D-0632,8,Central,REP-002,33371.21,56,31233.49,Pending
D-0633,9,West,REP-017,36948.51,34,33919.72,Won
D-0634,10,West,REP-013,35368.75,51,38351.51,Lost
D-0635,11,East,REP-004,33273.31,54,33845.23,Lost
D-0636,12,West,REP-026,25114.65,59,27421.56,Lost
D-0637,13,West,REP-025,33422.46,45,36849.55,Won
D-0638,14,East,REP-030,28209.98,46,26912.56,Won
D-0639,15,East,REP-011,37595.41,60,40909.77,Lost
D-0640,16,West,REP-007,30756.39,41,30712.96,Won
D-0641,17,East,REP-012,26938.84,67,26511.39,Won
D-0642,18,East,REP-010,31232.28,59,35143.71,Won
D-0643,19,East,REP-007,37513.5,70,39590.88,Won
D-0644,20,East,REP-013,33934.08,50,32738.16,Pending
D-0645,21,East,REP-007,31499.59,56,33039.26,Won
D-0646,22,Central,REP-024,23389.52,41,20429.08,Lost
D-0647,23,West,REP-017,37748,55,38681.56,Won
D-0648,24,West,REP-010,26151.86,60,22230.15,Won
D-0649,1,Central,REP-029,42668.92,29,38468.59,Won
D-0650,2,West,REP-010,35993.19,42,38097.49,Won
D-0651,3,East,REP-024,41427.54,30,30365.37,Won
D-0652,4,West,REP-004,43394.37,45,51216.26,Lost
D-0653,5,West,REP-020,39720.69,57,43035.35,Won
D-0654,6,Central,REP-004,39879.27,48,32547.34,Won
D-0655,7,West,REP-022,35227.81,62,43677.19,Won
D-0656,8,East,REP-007,33170.17,56,42040.22,Won
D-0657,9,East,REP-022,35651.49,61,35008.01,Pending
D-0658,10,West,REP-001,32880.43,45,29834.09,Won
D-0659,11,West,REP-012,46536.02,46,54383.4,Won
D-0660,12,West,REP-024,28858.21,56,27866.09,Won
D-0661,13,West,REP-013,38450.43,41,39069.63,Pending
D-0662,14,Central,REP-010,35645.98,58,39985.13,Won
D-0663,15,West,REP-015,33829.36,52,33310.04,Lost
D-0664,16,East,REP-027,39699.43,66,38742.46,Won
D-0665,17,East,REP-013,33411.89,62,29160.58,Pending
D-0666,18,East,REP-023,28365.47,66,26576.9,Pending
D-0667,19,East,REP-022,32618.65,52,31768.06,Lost
D-0668,20,East,REP-022,29864.11,67,26165.25,Won
D-0669,21,East,REP-021,32916.42,71,29137.83,Won
D-0670,22,East,REP-022,34085.37,60,34199.9,Won
D-0671,23,East,REP-028,25344.56,55,20656.57,Won
D-0672,24,Central,REP-009,35236.68,56,32138.8,Won
D-0673,1,East,REP-026,36725.5,54,43867.12,Won
D-0674,2,West,REP-009,39838.07,67,38461.79,Lost
D-0675,3,West,REP-015,40325.15,38,38426.95,Won
D-0676,4,Central,REP-010,38696.94,38,37342.76,Won
D-0677,5,East,REP-024,35934.46,55,34733.7,Won
D-0678,6,West,REP-026,33657.01,42,35591.85,Pending
D-0679,7,Central,REP-025,34375.03,57,36110.51,Won
D-0680,8,Central,REP-029,43165.86,53,41479.12,Lost
D-0681,9,Central,REP-010,30630.67,50,29975.67,Won
D-0682,10,East,REP-008,30983.78,55,35051.25,Won
D-0683,11,East,REP-024,30384.26,55,25795.31,Won
D-0684,12,West,REP-016,34498.77,51,34300.12,Won
D-0685,13,Central,REP-017,25816.47,39,26165.63,Lost
D-0686,14,West,REP-026,26292.2,56,24250.13,Lost
D-0687,15,West,REP-027,31375.23,68,31013.98,Won
D-0688,16,East,REP-005,25861.12,43,23503.43,Pending
D-0689,17,Central,REP-004,25888.64,49,27538.19,Won
D-0690,18,East,REP-018,25138.66,61,21774.59,Pending
D-0691,19,East,REP-024,26926.94,58,29787.48,Pending
D-0692,20,West,REP-019,34436.23,62,34183.8,Won
D-0693,21,West,REP-004,35178.54,54,33602.42,Won
D-0694,22,East,REP-028,39615,70,35634.9,Won
D-0695,23,East,REP-007,39051.81,61,43076.71,Lost
D-0696,24,West,REP-010,33191.56,67,31027.93,Won
D-0697,1,East,REP-025,43138.39,47,38103.07,Pending
D-0698,2,West,REP-018,38275.51,47,42300.04,Lost
D-0699,3,East,REP-019,39839.32,51,36236.63,Won
D-0700,4,West,REP-004,46578.02,48,46137.94,Won
D-0701,5,West,REP-010,38336.06,38,41475.04,Lost
D-0702,6,East,REP-001,41866.19,57,42527.5,Won
D-0703,7,East,REP-023,31048.24,56,36422.23,Lost
D-0704,8,East,REP-018,32008.81,33,29336.23,Won
D-0705,9,East,REP-005,36520.35,45,35751.55,Won
D-0706,10,Central,REP-015,35329.66,60,34859.14,Won
D-0707,11,East,REP-017,31100.33,37,33032.39,Lost
D-0708,12,Central,REP-003,45856.89,60,51766.11,Won
D-0709,13,East,REP-012,34302.97,52,34555.5,Lost
D-0710,14,West,REP-002,30846.37,65,30421.73,Won
D-0711,15,Central,REP-001,33438.09,55,28479.25,Lost
D-0712,16,West,REP-023,32427.13,50,32791.55,Lost
D-0713,17,West,REP-021,32859.01,59,30722.19,Won
D-0714,18,West,REP-017,23571.41,57,25029.16,Lost
D-0715,19,East,REP-022,37619.73,52,36078.51,Won
D-0716,20,Central,REP-016,37524.15,76,36621.17,Won
D-0717,21,Central,REP-005,37751.6,52,32238.86,Won
D-0718,22,Central,REP-015,31647.16,42,25914.43,Lost
D-0719,23,East,REP-003,32952.41,74,39084.81,Pending
D-0720,24,Central,REP-028,24928.87,57,25252.15,Lost
D-0721,1,Central,REP-007,42164.5,42,43869.36,Won
D-0722,2,East,REP-011,38878.94,42,35332.03,Lost
D-0723,3,East,REP-010,34937.97,41,37996.87,Won
D-0724,4,Central,REP-009,41183.72,41,44046.57,Pending
D-0725,5,West,REP-014,40997.25,40,37707.51,Won
D-0726,6,Central,REP-013,36403.04,49,32546.12,Pending
D-0727,7,East,REP-029,37911.91,46,35134.76,Lost
D-0728,8,Central,REP-025,30181.41,56,30096.05,Lost
D-0729,9,East,REP-030,41175.92,54,41864,Lost
D-0730,10,East,REP-025,30085.93,44,30201.45,Won
D-0731,11,East,REP-002,30672.87,53,34656.45,Lost
D-0732,12,Central,REP-003,34131.58,49,31691.32,Won
D-0733,13,West,REP-007,39012.58,46,34773.23,Lost
D-0734,14,West,REP-021,38629.74,60,38630.13,Lost
D-0735,15,West,REP-018,32655.88,54,27126.96,Pending
D-0736,16,Central,REP-003,36165.07,52,38681.21,Won
D-0737,17,West,REP-010,23474.71,50,23704.67,Won
D-0738,18,Central,REP-022,27943.4,49,26998.81,Won
D-0739,19,West,REP-029,27665.25,74,26576.47,Lost
D-0740,20,West,REP-007,37041.06,61,40411.79,Won
D-0741,21,West,REP-009,33673.27,51,36630.28,Won
D-0742,22,East,REP-017,30943.26,63,30180.91,Lost
D-0743,23,Central,REP-011,31048.68,69,32886.04,Lost
D-0744,24,West,REP-007,37101.7,63,40304.95,Won
D-0745,1,East,REP-024,37149.1,55,38395.55,Won
D-0746,2,Central,REP-028,31049.66,33,30411.7,Lost
D-0747,3,West,REP-014,42675.98,30,44302.65,Won
D-0748,4,West,REP-019,37769.2,49,33844.65,Lost
D-0749,5,Central,REP-004,41248.36,50,41541.66,Won
D-0750,6,West,REP-026,35876.18,22,35039.81,Pending
D-0751,7,East,REP-006,31526.55,44,30297.44,Won
D-0752,8,Central,REP-010,37354.11,42,30904.84,Won
D-0753,9,West,REP-007,35010.88,39,31413.17,Lost
D-0754,10,East,REP-013,35504.71,43,33779.56,Lost
D-0755,11,East,REP-014,42282.85,57,46067.33,Won
D-0756,12,Central,REP-004,28326.49,45,29136.13,Lost
D-0757,13,West,REP-008,34869.59,46,38146.2,Won
D-0758,14,West,REP-005,28965.02,41,32565.12,Pending
D-0759,15,Central,REP-001,19727.27,65,20376.91,Lost
D-0760,16,Central,REP-004,32055.17,59,32504.89,Won
D-0761,17,East,REP-003,32075.11,37,28954.23,Lost
D-0762,18,East,REP-009,34657.61,49,41542.94,Won
D-0763,19,East,REP-008,30072.3,62,25808.51,Won
D-0764,20,Central,REP-001,23335,69,23612.06,Pending
D-0765,21,East,REP-027,26287.84,66,28477.09,Lost
D-0766,22,West,REP-006,36604.79,57,39704.26,Won
D-0767,23,Central,REP-009,25456.86,46,22516.37,Won
D-0768,24,Central,REP-007,37176.13,69,35615.09,Won
D-0769,1,East,REP-004,43249.92,42,39794.45,Pending
D-0770,2,Central,REP-013,36031.1,46,28895.38,Won
D-0771,3,East,REP-017,33594.6,45,34032.43,Won
D-0772,4,Central,REP-028,42099.56,36,39078.44,Won
D-0773,5,East,REP-002,35275.44,50,40586.1,Won
D-0774,6,West,REP-028,28371.75,50,30117.11,Won
D-0775,7,Central,REP-005,38531.58,46,38691.11,Won
D-0776,8,East,REP-012,37426.32,54,35657.18,Won
D-0777,9,East,REP-027,40648.53,40,41116.46,Won
D-0778,10,Central,REP-021,36327.97,49,35398.44,Pending
D-0779,11,Central,REP-008,31454.27,52,31673,Won
D-0780,12,West,REP-006,40168.39,39,47806.96,Lost
D-0781,13,West,REP-008,40274.95,53,35986.65,Lost
D-0782,14,West,REP-018,34226.03,60,33648.84,Lost
D-0783,15,East,REP-003,32981.61,53,35311.39,Pending
D-0784,16,East,REP-022,25683.64,55,24655.94,Won
D-0785,17,East,REP-012,28882.37,61,33447.35,Won
D-0786,18,Central,REP-029,35343.85,54,37741.78,Won
D-0787,19,West,REP-026,28373.6,56,26333.85,Won
D-0788,20,West,REP-003,23495.81,49,23975.29,Lost
D-0789,21,West,REP-022,47879.39,59,44505.77,Lost
D-0790,22,Central,REP-006,22702.97,58,20894.32,Pending
D-0791,23,East,REP-002,40923.76,65,40350.01,Won
D-0792,24,West,REP-023,27722.88,66,31226.39,Pending
D-0793,1,West,REP-012,37577.19,51,40378.36,Won
D-0794,2,West,REP-002,34258.61,41,34181.26,Won
D-0795,3,East,REP-006,41154.19,29,44369.09,Won
D-0796,4,Central,REP-017,29661.13,53,30457.88,Lost
D-0797,5,Central,REP-003,27278.35,51,24087.08,Won
D-0798,6,West,REP-002,44150.86,43,43510.06,Pending
D-0799,7,West,REP-023,31700.14,53,31468.22,Pending
D-0800,8,Central,REP-030,39070.44,38,42046.4,Pending
D-0801,9,Central,REP-020,29532.72,59,27859.78,Won
D-0802,10,East,REP-008,38122.11,49,34642.84,Pending
D-0803,11,West,REP-022,42617.73,45,42423.62,Lost
D-0804,12,West,REP-012,31184.39,48,29171.68,Won
D-0805,13,West,REP-026,23772.79,52,23003.72,Won
D-0806,14,Central,REP-004,41503.97,54,41168.29,Won
D-0807,15,Central,REP-005,37311.22,55,35882.04,Won
D-0808,16,Central,REP-013,29932.14,52,32815.16,Won
D-0809,17,West,REP-029,30830.24,58,35190.55,Pending
D-0810,18,East,REP-015,25986.74,57,28229.16,Won
D-0811,19,Central,REP-025,38261.28,53,31484.46,Won
D-0812,20,Central,REP-023,28106.42,52,26302.06,Pending
D-0813,21,East,REP-016,23306.46,64,22890.08,Won
D-0814,22,Central,REP-010,31088.23,64,25348.49,Pending
D-0815,23,Central,REP-030,25339.93,61,23120.43,Won
D-0816,24,West,REP-030,24109.93,69,23648.39,Lost
D-0817,1,West,REP-025,35849.5,29,34239.95,Won
D-0818,2,West,REP-023,38051.78,41,38084.69,Lost
D-0819,3,East,REP-016,30334.45,37,26145.78,Won
D-0820,4,East,REP-012,43785.74,65,41770.36,Lost
D-0821,5,Central,REP-017,39865.8,53,40471.4,Won
D-0822,6,East,REP-016,34273.19,48,34308.15,Pending
D-0823,7,East,REP-012,31203.28,55,32597.74,Won
D-0824,8,West,REP-008,34893.87,59,36249.76,Won
D-0825,9,West,REP-020,39457.18,59,37850.85,Lost
D-0826,10,Central,REP-003,38302.92,59,38763.01,Won
D-0827,11,East,REP-016,39492.52,50,36333.15,Lost
D-0828,12,East,REP-030,31418.11,49,30569.11,Pending
D-0829,13,Central,REP-013,18815.37,46,16829.19,Lost
D-0830,14,West,REP-023,39299.06,58,43486.07,Won
D-0831,15,East,REP-028,31844.02,54,30973.1,Lost
D-0832,16,West,REP-019,35630.83,52,39421.75,Lost
D-0833,17,East,REP-008,40266.14,53,41520.42,Lost
D-0834,18,East,REP-022,43712.04,69,39840.63,Won
D-0835,19,West,REP-005,27910.89,66,28611.75,Won
D-0836,20,West,REP-020,31449.8,73,33996.35,Won
D-0837,21,Central,REP-008,37234.18,64,36945.32,Won
D-0838,22,West,REP-024,25798.6,61,25989.59,Won
D-0839,23,West,REP-012,26729.44,61,25255.43,Won
D-0840,24,West,REP-001,26319.81,54,26383.25,Lost
D-0841,1,East,REP-025,37859.55,34,38760.22,Pending
D-0842,2,West,REP-030,36519.38,49,34405.58,Lost
D-0843,3,East,REP-021,34271.02,39,30572.17,Won
D-0844,4,Central,REP-020,32031.21,48,36156.74,Won
D-0845,5,East,REP-006,40539.7,56,42988.79,Pending
D-0846,6,West,REP-022,42789.16,43,40445.77,Pending
D-0847,7,East,REP-018,43133.57,65,44081.03,Pending
D-0848,8,Central,REP-008,32934.63,42,28064.99,Lost
D-0849,9,West,REP-007,39228.62,58,31472.85,Won
D-0850,10,West,REP-001,35761.63,55,39638.67,Lost
D-0851,11,East,REP-021,31346.64,62,32066.21,Won
D-0852,12,Central,REP-016,37491.09,44,37312.25,Won
D-0853,13,East,REP-012,30356.97,72,31063.25,Lost
D-0854,14,Central,REP-006,31179.12,53,41237.91,Won
D-0855,15,East,REP-020,25796.35,60,28038.3,Won
D-0856,16,East,REP-002,29978.89,67,26844.78,Won
D-0857,17,East,REP-029,33189.31,52,27612.25,Won
D-0858,18,West,REP-014,39384.67,64,43537.93,Pending
D-0859,19,West,REP-004,29392.52,52,31908.8,Won
D-0860,20,East,REP-001,25589.15,70,27060.69,Won
D-0861,21,Central,REP-023,37886.84,53,34807.1,Won
D-0862,22,West,REP-018,27497.24,61,28496.17,Won
D-0863,23,West,REP-013,20898.09,63,19386.44,Won
D-0864,24,West,REP-002,29925.47,68,31908.87,Lost
D-0865,1,West,REP-009,36376.13,60,39950.66,Won
D-0866,2,West,REP-021,49121.98,42,46452.33,Lost
D-0867,3,East,REP-002,39616.83,55,44100.7,Pending
D-0868,4,East,REP-027,36128.29,63,36543.23,Lost
D-0869,5,Central,REP-025,31857.51,49,33424.5,Won
D-0870,6,Central,REP-009,37750.83,44,32806.86,Won
D-0871,7,West,REP-001,43003.55,35,44002.15,Pending
D-0872,8,East,REP-011,36899.07,65,34406.23,Won
D-0873,9,West,REP-003,30722.85,49,32181.06,Lost
D-0874,10,West,REP-020,37274.03,43,42742.74,Pending
D-0875,11,East,REP-030,33956.97,41,34940.09,Pending
D-0876,12,East,REP-023,36063.07,45,32814.31,Pending
D-0877,13,Central,REP-026,31665.96,61,33649.73,Lost
D-0878,14,West,REP-004,31168.52,63,32420.84,Won
D-0879,15,East,REP-018,30591.1,60,36888.59,Pending
D-0880,16,East,REP-023,37011.19,57,37951.16,Won
D-0881,17,East,REP-006,30078.87,47,28317.83,Won
D-0882,18,West,REP-003,29241.35,51,31494.81,Lost
D-0883,19,East,REP-022,26449.67,49,26111.97,Lost
D-0884,20,East,REP-011,33050.07,63,33315.3,Pending
D-0885,21,Central,REP-015,31958.51,51,28991.24,Lost
D-0886,22,East,REP-022,27776.16,55,27436.08,Won
D-0887,23,West,REP-028,26093.11,60,26173.49,Pending
D-0888,24,East,REP-005,38640.87,48,38144.92,Lost
D-0889,1,East,REP-020,28597.78,45,26907.98,Lost
D-0890,2,East,REP-010,40085.86,44,41241.25,Won
D-0891,3,Central,REP-012,43697.02,55,39661.72,Won
D-0892,4,Central,REP-015,19925.93,40,17616.53,Lost
D-0893,5,Central,REP-017,40450.7,37,43320.82,Won
D-0894,6,West,REP-010,34998.73,45,37160.77,Won
D-0895,7,West,REP-006,37000.27,40,32162.1,Lost
D-0896,8,East,REP-018,33723.81,50,27553.85,Won
D-0897,9,East,REP-013,40336.97,36,36268.01,Won
D-0898,10,Central,REP-003,36395.6,46,35928.64,Won
D-0899,11,East,REP-030,34858.6,45,38882.5,Won
D-0900,12,East,REP-024,29325.7,57,28877.76,Lost
D-0901,13,East,REP-010,42851.46,47,39554.64,Won
D-0902,14,East,REP-030,33109.66,40,33601.62,Won
D-0903,15,East,REP-014,44129.03,53,43625.89,Lost
D-0904,16,West,REP-006,41937.85,58,36146.2,Pending
D-0905,17,West,REP-003,23028.25,54,19861.72,Lost
D-0906,18,Central,REP-016,28265.27,52,24454.55,Won
D-0907,19,Central,REP-007,25975.24,53,32416.72,Won
D-0908,20,East,REP-020,30538.97,60,33165.26,Pending
D-0909,21,East,REP-014,31335.82,52,29475.36,Won
D-0910,22,West,REP-009,31169.63,58,34624.06,Lost
D-0911,23,West,REP-015,34910.64,67,32927.52,Won
D-0912,24,East,REP-021,36727.91,51,40676.83,Won
D-0913,1,West,REP-003,42837.44,44,43181.45,Lost
D-0914,2,West,REP-002,34815.32,31,32521.51,Lost
D-0915,3,West,REP-027,33329.88,48,35595.71,Lost
D-0916,4,West,REP-002,36873.81,39,37380.9,Won
D-0917,5,East,REP-003,38610.6,56,40148.33,Won
D-0918,6,Central,REP-018,35184.04,36,35942.28,Lost
D-0919,7,Central,REP-014,28992.58,53,29586.97,Lost
D-0920,8,East,REP-020,38750.3,60,41852.47,Won
D-0921,9,Central,REP-018,32998.43,42,41524.58,Won
D-0922,10,West,REP-010,32467.44,44,36521.94,Won
D-0923,11,Central,REP-025,33926.94,44,34672.13,Pending
D-0924,12,Central,REP-002,32620.51,49,31607.29,Lost
D-0925,13,West,REP-025,31607.49,58,30973.02,Pending
D-0926,14,East,REP-029,26659.37,50,23310.61,Won
D-0927,15,East,REP-022,32118.76,46,34253.19,Pending
D-0928,16,West,REP-001,35814.77,40,32179.85,Won
D-0929,17,West,REP-004,33243.22,69,32005.06,Won
D-0930,18,East,REP-014,36280.61,71,38712.67,Lost
D-0931,19,East,REP-001,27517.27,62,26864.22,Won
D-0932,20,Central,REP-014,24389.71,52,23189.03,Won
D-0933,21,Central,REP-016,29170.75,65,25677.61,Won
D-0934,22,West,REP-022,26948.82,68,30197.03,Won
D-0935,23,East,REP-014,27088.33,59,24831.27,Lost
D-0936,24,East,REP-029,30318.75,62,28542.45,Lost
D-0937,1,East,REP-020,35484.6,54,29126.72,Lost
D-0938,2,Central,REP-003,31369.66,32,31307.35,Lost
D-0939,3,East,REP-003,34445.03,54,33296.99,Lost
D-0940,4,West,REP-009,38560.3,44,39261.55,Won
D-0941,5,East,REP-006,39837.4,39,35157.98,Won
D-0942,6,West,REP-025,39407.11,40,42300.31,Pending
D-0943,7,West,REP-013,37842.37,42,30882.36,Won
D-0944,8,Central,REP-021,34499.53,40,34181.52,Lost
D-0945,9,East,REP-002,36984.57,65,37411.7,Won
D-0946,10,East,REP-008,34368.32,55,34566.88,Lost
D-0947,11,East,REP-021,34765.48,61,35313.92,Lost
D-0948,12,Central,REP-002,29123.37,57,31420.24,Won
D-0949,13,Central,REP-004,33659.37,54,38118.23,Won
D-0950,14,West,REP-025,34953.33,55,34409.43,Lost
D-0951,15,West,REP-015,34385.64,52,31057.65,Won
D-0952,16,West,REP-004,25862.4,53,27312.55,Won
D-0953,17,East,REP-013,32401.3,45,31493.29,Lost
D-0954,18,Central,REP-028,24320.55,66,27396.18,Won
D-0955,19,West,REP-012,32028.38,43,30100.38,Pending
D-0956,20,West,REP-028,27273.31,50,24933.23,Won
D-0957,21,West,REP-013,38928.21,76,39487.98,Won
D-0958,22,East,REP-014,30616.22,61,25287.72,Lost
D-0959,23,East,REP-020,33645.82,62,32073.12,Won
D-0960,24,Central,REP-018,39814.36,67,38501.12,Won
D-0961,1,East,REP-029,33912.99,32,34660.68,Won
D-0962,2,West,REP-028,39798.37,34,35833.37,Won
D-0963,3,East,REP-006,31310.44,42,28556.69,Won
D-0964,4,West,REP-029,38584.49,40,43048.38,Won
D-0965,5,East,REP-011,45308.55,47,45247.55,Won
D-0966,6,West,REP-030,32960.58,52,35810.48,Won
D-0967,7,Central,REP-002,31290.23,60,29594.96,Lost
D-0968,8,East,REP-028,34884.13,56,34694.18,Lost
D-0969,9,West,REP-023,45189.09,43,46158.55,Won
D-0970,10,West,REP-019,38435.19,48,45151.96,Lost
D-0971,11,West,REP-019,29675.43,47,29029.64,Lost
D-0972,12,Central,REP-005,41095.3,45,40412.02,Lost
D-0973,13,Central,REP-019,25164.69,44,27928.15,Lost
D-0974,14,East,REP-002,43742.8,68,42081.39,Won
D-0975,15,East,REP-010,36962.25,55,38014.31,Pending
D-0976,16,East,REP-025,41117.79,54,45274.63,Won
D-0977,17,West,REP-002,23681.01,60,22317.36,Won
D-0978,18,East,REP-030,32387.21,62,33489.87,Lost
D-0979,19,West,REP-011,30490.56,67,35812.84,Won
D-0980,20,West,REP-018,25745.1,53,28117.05,Won
D-0981,21,East,REP-029,23919.88,63,24601.44,Lost
D-0982,22,Central,REP-024,32555.41,53,31825.12,Lost
D-0983,23,East,REP-015,32628.66,59,30656.85,Lost
D-0984,24,East,REP-009,35759.87,62,32226.13,Lost
D-0985,1,Central,REP-023,35482.89,46,40839.48,Won
D-0986,2,West,REP-019,36911.95,46,41767.61,Won
D-0987,3,West,REP-009,30327.7,52,28334.82,Lost
D-0988,4,West,REP-003,44563.93,42,46068.8,Won
D-0989,5,East,REP-021,36827.74,49,37237.73,Lost
D-0990,6,Central,REP-009,39712.94,42,44416.6,Won
D-0991,7,Central,REP-028,39509.53,72,41021.96,Won
D-0992,8,West,REP-030,42635.54,42,42538.25,Won
D-0993,9,East,REP-014,30803,45,29134.45,Lost
D-0994,10,West,REP-019,38067.93,58,39365.55,Won
D-0995,11,West,REP-007,34074.96,49,32888.53,Won
D-0996,12,East,REP-016,44348.39,60,45327.09,Won
D-0997,13,Central,REP-016,29268.18,55,29045.83,Won
D-0998,14,East,REP-028,38917.13,51,37467.5,Won
D-0999,15,Central,REP-001,34431.71,49,31082.4,Won
D-1000,16,West,REP-004,33789.28,49,35526.71,Won
D-1001,17,East,REP-004,32190.1,53,32327.14,Won
D-1002,18,West,REP-007,38273.33,56,45114.38,Won
D-1003,19,Central,REP-008,32479.26,51,29126.28,Lost
D-1004,20,Central,REP-017,23157.92,58,24605.98,Pending
D-1005,21,Central,REP-005,36497.52,51,36195.88,Won
D-1006,22,West,REP-007,35201.01,66,42592.37,Won
D-1007,23,West,REP-028,32575.69,69,34364,Won
D-1008,24,Central,REP-020,23617.63,56,24384.47,Lost
D-1009,1,East,REP-029,33134.42,38,32869.01,Won
D-1010,2,West,REP-020,28232.79,47,26247.68,Won
D-1011,3,East,REP-004,39541.65,56,40772.95,Lost
D-1012,4,Central,REP-028,30112.26,59,25949.83,Won
D-1013,5,Central,REP-006,27886.25,36,24159.85,Lost
D-1014,6,East,REP-007,42474.95,56,46775.27,Won
D-1015,7,Central,REP-018,39560.9,49,32589.78,Lost
D-1016,8,Central,REP-005,33674.14,49,32598.01,Won
D-1017,9,East,REP-020,34289.77,55,30692.34,Pending
D-1018,10,West,REP-030,22543.28,47,21635.98,Lost
D-1019,11,Central,REP-029,38783.72,61,39499.46,Won
D-1020,12,East,REP-003,30356.34,64,33345.09,Won
D-1021,13,West,REP-007,35091.45,65,39364.31,Won
D-1022,14,East,REP-027,20617.19,39,18722.57,Lost
D-1023,15,Central,REP-028,37567.84,53,35817.32,Lost
D-1024,16,Central,REP-022,28535.78,40,40100.04,Won
D-1025,17,Central,REP-014,25039.79,50,24413.76,Pending
D-1026,18,West,REP-007,29841.99,38,27209.3,Won
D-1027,19,Central,REP-005,28178.02,62,26161.04,Won
D-1028,20,Central,REP-029,36151.34,61,35268.74,Pending
D-1029,21,East,REP-022,28298.02,56,27186.66,Lost
D-1030,22,Central,REP-005,36833.09,54,35969.83,Won
D-1031,23,East,REP-030,31290.71,64,31223.67,Lost
D-1032,24,West,REP-023,33731.84,54,33636.01,Pending
D-1033,1,East,REP-002,37989.17,36,34359.35,Lost
D-1034,2,East,REP-030,43980.29,36,45604.62,Lost
D-1035,3,East,REP-027,31471.88,44,31852.84,Lost
D-1036,4,West,REP-021,37428.12,42,39286.73,Won
D-1037,5,East,REP-022,34497.82,44,28583.33,Lost
D-1038,6,Central,REP-006,43083.14,52,43758.88,Won
D-1039,7,East,REP-015,43215.17,57,34634.38,Pending
D-1040,8,East,REP-021,35342.11,61,34721.6,Won
D-1041,9,West,REP-010,28502.44,51,30377.72,Lost
D-1042,10,Central,REP-023,36715.49,54,40555.12,Won
D-1043,11,East,REP-026,25876.95,54,26742.43,Won
D-1044,12,West,REP-024,41950.71,39,44784.03,Won
D-1045,13,Central,REP-007,31074.15,51,30145.02,Pending
D-1046,14,West,REP-005,32907.15,51,31231.62,Pending
D-1047,15,East,REP-001,29275.24,51,37158.36,Won
D-1048,16,East,REP-013,27791.09,55,30089.86,Pending
D-1049,17,Central,REP-021,35606.46,55,31429.88,Lost
D-1050,18,East,REP-026,30746.92,49,25413.36,Lost
D-1051,19,Central,REP-018,31372.41,57,29913.38,Won
D-1052,20,West,REP-013,25760.54,54,28830.86,Pending
D-1053,21,Central,REP-021,34680.3,39,34849.32,Lost
D-1054,22,Central,REP-021,34808.95,49,27067.37,Pending
D-1055,23,Central,REP-018,28595.36,62,28088.38,Lost
D-1056,24,West,REP-005,35599.61,70,35591.06,Lost
D-1057,1,Central,REP-013,37479.38,25,28425.61,Lost
D-1058,2,West,REP-004,41518.78,38,41619.11,Won
D-1059,3,West,REP-017,29125.36,49,26173.89,Won
D-1060,4,West,REP-003,38627.15,54,31536.96,Won
D-1061,5,Central,REP-017,35122.59,44,40758.04,Won
D-1062,6,Central,REP-028,36877.61,43,32977.43,Lost
D-1063,7,Central,REP-011,36273.41,59,33852.94,Lost
D-1064,8,West,REP-021,35968.5,56,33520.54,Pending
D-1065,9,West,REP-020,38038.5,57,38047.02,Won
D-1066,10,Central,REP-023,31754.13,48,37362.9,Won
D-1067,11,East,REP-021,37045.4,61,32614.07,Won
D-1068,12,East,REP-026,39982.62,37,38755.94,Won
D-1069,13,West,REP-030,26389.29,63,26708.24,Won
D-1070,14,East,REP-004,29157.3,54,26624.14,Lost
D-1071,15,East,REP-002,28987.32,56,28051.36,Won
D-1072,16,East,REP-020,26839.77,48,28435.39,Lost
D-1073,17,East,REP-016,29546.51,42,27313.67,Won
D-1074,18,East,REP-028,36705.59,58,35462.59,Pending
D-1075,19,Central,REP-018,38397.93,62,36741.62,Lost
D-1076,20,West,REP-008,31310.87,64,30985.85,Pending
D-1077,21,West,REP-003,28778.82,64,29478.58,Pending
D-1078,22,West,REP-009,34034.62,63,36030.96,Pending
D-1079,23,East,REP-029,17820.16,54,21272.91,Pending
D-1080,24,Central,REP-020,23984.11,68,17607.99,Lost
D-1081,1,Central,REP-029,26391.85,36,25950.07,Won
D-1082,2,East,REP-006,32291.5,54,27885.53,Won
D-1083,3,West,REP-010,33404.91,45,32117.59,Won
D-1084,4,Central,REP-021,44248.41,46,48146.11,Lost
D-1085,5,Central,REP-010,22674.69,54,25390.65,Won
D-1086,6,West,REP-013,34016.49,56,38250.57,Pending
D-1087,7,West,REP-017,38817.83,55,43612.97,Pending
D-1088,8,East,REP-009,37393.65,43,36743.25,Won
D-1089,9,Central,REP-017,42268.69,57,48180.1,Won
D-1090,10,East,REP-024,35385.26,45,41035.75,Pending
D-1091,11,Central,REP-009,36071.39,58,36572.06,Won
D-1092,12,West,REP-009,24627.47,41,27526.7,Lost
D-1093,13,West,REP-001,28498.66,53,28616.18,Won
D-1094,14,West,REP-002,24146.48,48,27551.69,Lost
D-1095,15,East,REP-028,35543.04,62,34968.44,Won
D-1096,16,East,REP-016,34043.45,65,31968.43,Pending
D-1097,17,East,REP-029,33487.69,58,29737.1,Lost
D-1098,18,East,REP-001,27132.83,59,26661.73,Won
D-1099,19,Central,REP-010,26295.25,64,26517.15,Won
D-1100,20,West,REP-018,31827.23,68,28816.85,Won
D-1101,21,East,REP-026,27053.07,60,26376.45,Pending
D-1102,22,Central,REP-028,24917.98,56,23605.92,Lost
D-1103,23,Central,REP-008,27098.05,66,24179.66,Won
D-1104,24,Central,REP-021,25956.29,47,28645.06,Won
D-1105,1,Central,REP-028,33666.39,52,37746.43,Won
D-1106,2,East,REP-011,31491.16,40,34739.26,Lost
D-1107,3,West,REP-023,39483.45,44,39151.17,Lost
D-1108,4,Central,REP-002,44640.25,54,44540.33,Won
D-1109,5,West,REP-008,36284.98,44,32427.26,Lost
D-1110,6,East,REP-027,37212.17,53,38755.11,Lost
D-1111,7,Central,REP-022,38401.89,58,39053.31,Pending
D-1112,8,East,REP-008,37172.83,51,47744.59,Pending
D-1113,9,East,REP-017,30725.44,53,34065.61,Lost
D-1114,10,West,REP-015,43179.23,50,44540.43,Lost
D-1115,11,West,REP-017,30413.45,53,30286.9,Won
D-1116,12,West,REP-028,37060.44,44,40771.33,Lost
D-1117,13,East,REP-023,36090.96,51,32785.97,Won
D-1118,14,Central,REP-024,23267.79,44,25919.48,Won
D-1119,15,East,REP-013,30885.77,48,27528.04,Won
D-1120,16,East,REP-019,32583.14,40,30753.52,Lost
D-1121,17,Central,REP-005,32585.76,59,26595.91,Won
D-1122,18,Central,REP-012,33047.1,71,35076.45,Won
D-1123,19,Central,REP-001,34948.31,54,35821.77,Won
D-1124,20,Central,REP-023,30742.42,66,29016.29,Won
D-1125,21,West,REP-005,32173.09,69,29183.76,Won
D-1126,22,West,REP-008,29795.23,51,33903.16,Lost
D-1127,23,East,REP-013,24553.33,53,24225.29,Lost
D-1128,24,West,REP-008,29422.01,70,27164.47,Won
D-1129,1,West,REP-025,41745.45,44,49768.64,Pending
D-1130,2,East,REP-023,43163.94,35,40327.8,Lost
D-1131,3,Central,REP-011,39926.58,41,44472.69,Won
D-1132,4,West,REP-001,43531.75,50,38521.29,Lost
D-1133,5,East,REP-013,38574.32,41,37205.14,Pending
D-1134,6,East,REP-019,40419.4,26,42449.63,Won
D-1135,7,West,REP-024,40406.96,46,40173.25,Won
D-1136,8,East,REP-003,34223.25,48,35057.48,Pending
D-1137,9,Central,REP-024,38590.02,51,36510.65,Lost
D-1138,10,West,REP-017,29876.78,61,25103.08,Won
D-1139,11,West,REP-005,35949.06,52,41217.67,Lost
D-1140,12,West,REP-020,36705.13,55,34951.25,Won
D-1141,13,Central,REP-021,38695.48,62,39813.82,Pending
D-1142,14,East,REP-008,37163.8,54,39772.54,Won
D-1143,15,West,REP-026,38000.57,72,39173.87,Won
D-1144,16,West,REP-014,31803.1,46,29549.56,Lost
D-1145,17,East,REP-004,30193.03,49,33694.72,Won
D-1146,18,Central,REP-011,30165.51,62,31715.05,Won
D-1147,19,Central,REP-020,32491.42,68,33137.26,Lost
D-1148,20,West,REP-015,21736.26,57,22117.92,Lost
D-1149,21,Central,REP-019,37058.78,51,43293.04,Won
D-1150,22,Central,REP-007,30239.37,74,28031.7,Lost
D-1151,23,Central,REP-019,27564.99,55,28709.64,Won
D-1152,24,Central,REP-028,16611.42,64,15733.29,Won
D-1153,1,West,REP-019,37815.93,55,30493.61,Won
D-1154,2,West,REP-011,36627.62,42,29438.59,Won
D-1155,3,West,REP-026,32754.77,41,29431.35,Lost
D-1156,4,Central,REP-005,33494.77,42,31289.33,Won
D-1157,5,East,REP-005,36346.82,55,44244.8,Lost
D-1158,6,Central,REP-030,33158.82,57,35474.59,Won
D-1159,7,Central,REP-022,38579.39,49,41620.77,Pending
D-1160,8,East,REP-008,31596.08,65,29583.16,Lost
D-1161,9,Central,REP-010,35733.04,51,35952.18,Lost
D-1162,10,East,REP-006,40480.23,62,49815.59,Won
D-1163,11,East,REP-015,34017.02,49,29885.93,Won
D-1164,12,Central,REP-016,35599.89,71,37224.09,Won
D-1165,13,East,REP-028,34903.26,66,40527.2,Pending
D-1166,14,Central,REP-017,33099.98,53,36297.25,Won
D-1167,15,Central,REP-008,32344.96,66,38172.04,Lost
D-1168,16,West,REP-008,29443.13,67,30069.87,Lost
D-1169,17,East,REP-025,32675.06,69,34646.85,Won
D-1170,18,East,REP-009,30123.66,37,30454.34,Lost
D-1171,19,West,REP-002,38890.45,64,40964.66,Lost
D-1172,20,Central,REP-015,34835.72,63,31647.53,Lost
D-1173,21,West,REP-018,23136.02,63,24969.2,Won
D-1174,22,East,REP-003,23034.21,62,23711.99,Won
D-1175,23,West,REP-017,28987.7,63,29169.34,Won
D-1176,24,West,REP-004,27283.47,72,32048.24,Lost
D-1177,1,Central,REP-030,37084.03,49,36099.87,Lost
D-1178,2,East,REP-004,40875.81,47,45812.88,Won
D-1179,3,Central,REP-014,38818.68,55,43893.36,Pending
D-1180,4,West,REP-009,38388.15,50,41672.42,Won
D-1181,5,Central,REP-009,43710.97,52,39492.43,Pending
D-1182,6,East,REP-025,29155.54,63,30202.45,Pending
D-1183,7,West,REP-026,36239.69,46,43337.15,Pending
D-1184,8,Central,REP-023,32444.74,38,26544.49,Lost
D-1185,9,East,REP-030,42137.18,51,41346.44,Won
D-1186,10,Central,REP-018,23533.24,53,26268.53,Won
D-1187,11,West,REP-010,23372.59,58,23103.06,Lost
D-1188,12,East,REP-021,35343.18,54,38205.58,Won
D-1189,13,East,REP-004,39071.48,60,44577.4,Won
D-1190,14,Central,REP-012,36926.27,74,37782.98,Lost
D-1191,15,East,REP-027,28675.1,61,30134.63,Won
D-1192,16,West,REP-008,39832.11,64,40198.05,Pending
D-1193,17,East,REP-002,25762.66,55,26529.88,Lost
D-1194,18,West,REP-022,38077.42,46,46083.59,Lost
D-1195,19,East,REP-013,25663.86,40,25499.74,Lost
D-1196,20,Central,REP-021,29020.88,55,27996,Pending
D-1197,21,Central,REP-016,33596.35,39,37096.26,Lost
D-1198,22,Central,REP-028,22688.96,64,20776.46,Lost
D-1199,23,Central,REP-002,36985.12,58,34711.56,Won
D-1200,24,East,REP-011,27470.28,51,25799.14,Pending
