response_id,district,digital_access,satisfaction_score,ease_of_access_rating,language_barrier,digital_literacy_rating
SUR00001,District_1,1,72,8.1,0,6.2
SUR00002,District_1,1,80,9.2,0,5.5
SUR00003,District_1,1,100,5.8,0,2.1
SUR00004,District_1,1,87,4.0,0,6.0
SUR00005,District_1,1,72,8.2,0,6.4
SUR00006,District_1,1,63,9.5,0,7.7
SUR00007,District_1,1,55,5.8,0,8.5
SUR00008,District_1,1,56,7.3,0,7.7
SUR00009,District_1,1,56,7.0,1,1.7
SUR00010,District_1,1,56,9.6,0,5.2
SUR00011,District_1,1,81,8.2,0,5.6
SUR00012,District_1,1,88,7.4,1,4.5
SUR00013,District_1,1,70,8.9,0,9.3
SUR00014,District_1,1,77,7.8,0,5.7
SUR00015,District_1,1,85,6.7,0,4.7
SUR00016,District_1,1,83,9.0,0,7.4
SUR00017,District_1,1,81,5.7,0,3.7
SUR00018,District_1,1,89,7.3,0,4.7
SUR00019,District_1,1,83,7.2,0,7.2
SUR00020,District_1,1,65,10.0,0,4.8
SUR00021,District_1,1,79,5.7,0,9.5
SUR00022,District_1,1,98,6.3,0,7.6
SUR00023,District_1,1,73,8.6,0,6.7
SUR00024,District_1,1,85,6.6,0,7.0
SUR00025,District_1,1,99,8.0,0,4.0
SUR00026,District_1,1,70,7.2,1,6.4
SUR00027,District_1,1,60,6.7,0,4.3
SUR00028,District_1,1,76,7.7,0,8.7
SUR00029,District_1,1,69,8.3,0,10.0
SUR00030,District_1,1,77,6.5,0,4.2
SUR00031,District_1,1,61,6.1,0,5.6
SUR00032,District_1,1,62,7.2,0,6.8
SUR00033,District_1,1,74,6.9,0,8.7
SUR00034,District_1,1,70,8.3,0,10.0
SUR00035,District_1,1,95,7.7,0,6.5
SUR00036,District_1,1,68,8.0,0,9.1
SUR00037,District_1,1,71,7.5,0,6.7
SUR00038,District_1,1,82,6.9,0,5.8
SUR00039,District_1,1,100,9.4,0,3.8
SUR00040,District_1,1,73,7.9,1,5.3
SUR00041,District_1,1,88,5.7,0,6.5
SUR00042,District_1,1,71,8.1,0,5.7
SUR00043,District_1,1,60,5.9,0,10.0
SUR00044,District_1,1,66,8.1,0,7.0
SUR00045,District_1,1,72,9.2,0,6.1
SUR00046,District_1,1,97,7.8,0,3.8
SUR00047,District_1,1,86,10.0,0,5.8
SUR00048,District_1,1,85,5.9,0,5.5
SUR00049,District_1,1,71,8.6,1,6.3
SUR00050,District_1,1,69,7.2,0,9.9
SUR00051,District_1,1,65,6.3,0,7.7
SUR00052,District_1,1,85,9.4,0,7.1
SUR00053,District_1,1,88,7.3,0,6.0
SUR00054,District_1,1,87,7.6,0,5.8
SUR00055,District_1,1,60,7.6,0,7.1
SUR00056,District_1,1,66,10.0,1,7.6
SUR00057,District_1,1,100,8.4,0,7.7
SUR00058,District_1,1,85,9.0,0,8.1
SUR00059,District_1,1,89,6.6,0,8.1
SUR00060,District_1,1,74,6.5,1,4.1
SUR00061,District_1,1,86,6.7,0,7.0
SUR00062,District_1,1,71,7.1,0,8.6
SUR00063,District_1,1,84,6.3,0,5.6
SUR00064,District_1,1,75,7.2,0,5.0
SUR00065,District_1,1,75,9.1,1,3.3
SUR00066,District_1,1,76,7.7,0,4.8
SUR00067,District_1,1,49,5.3,0,6.1
SUR00068,District_1,1,62,9.3,0,8.5
SUR00069,District_1,1,90,5.7,0,3.9
SUR00070,District_1,1,83,9.1,0,8.6
SUR00071,District_1,1,83,7.5,0,6.7
SUR00072,District_1,1,60,10.0,0,3.8
SUR00073,District_1,1,70,9.6,0,7.7
SUR00074,District_1,1,89,8.4,0,7.7
SUR00075,District_1,1,59,7.6,0,6.9
SUR00076,District_1,1,67,9.4,0,7.3
SUR00077,District_1,1,58,7.8,0,7.8
SUR00078,District_1,1,83,8.3,0,6.8
SUR00079,District_1,1,68,7.8,0,8.2
SUR00080,District_1,1,91,6.8,1,4.3
SUR00081,District_1,1,78,8.0,0,7.2
SUR00082,District_1,1,81,6.6,0,7.2
SUR00083,District_1,1,82,8.5,0,8.5
SUR00084,District_1,1,94,7.6,0,7.8
SUR00085,District_1,1,84,6.9,0,5.8
SUR00086,District_1,1,90,6.8,1,7.6
SUR00087,District_1,1,69,9.7,0,5.0
SUR00088,District_1,1,68,6.3,0,4.8
SUR00089,District_1,1,58,8.0,0,6.4
SUR00090,District_1,1,82,6.2,0,4.7
SUR00091,District_1,1,71,8.1,0,6.1
SUR00092,District_1,1,75,7.2,0,7.7
SUR00093,District_1,1,76,7.7,0,8.2
SUR00094,District_1,1,82,7.1,0,4.6
SUR00095,District_1,1,69,5.1,0,2.8
SUR00096,District_1,1,80,8.0,0,4.8
SUR00097,District_1,1,61,7.9,1,5.9
SUR00098,District_1,1,90,6.3,0,10.0
SUR00099,District_1,1,49,7.7,0,5.2
SUR00100,District_1,1,63,7.9,0,9.6
SUR00101,District_1,1,84,8.1,0,7.8
SUR00102,District_1,1,83,7.7,0,6.4
SUR00103,District_1,1,83,6.7,0,6.2
SUR00104,District_1,1,60,8.6,0,8.6
SUR00105,District_1,1,40,8.0,0,5.5
SUR00106,District_1,1,92,5.3,0,9.9
SUR00107,District_1,1,76,7.1,0,7.6
SUR00108,District_1,1,83,8.4,1,6.0
SUR00109,District_1,1,65,9.6,0,6.8
SUR00110,District_1,1,76,7.8,0,8.5
SUR00111,District_1,1,57,6.1,0,9.7
SUR00112,District_1,1,72,5.6,0,7.2
SUR00113,District_1,1,86,7.7,0,5.7
SUR00114,District_1,1,50,7.4,0,7.0
SUR00115,District_1,1,100,8.0,0,4.5
SUR00116,District_1,1,60,6.3,0,7.9
SUR00117,District_1,1,69,7.9,0,5.4
SUR00118,District_1,1,72,7.5,1,5.7
SUR00119,District_1,1,100,6.5,0,8.2
SUR00120,District_1,1,73,9.5,1,8.1
SUR00121,District_1,1,83,8.6,0,5.0
SUR00122,District_1,1,62,7.4,0,7.0
SUR00123,District_1,1,69,6.0,0,6.7
SUR00124,District_1,1,77,8.2,0,5.4
SUR00125,District_1,1,54,6.8,0,6.9
SUR00126,District_1,1,61,8.4,0,6.5
SUR00127,District_1,1,69,8.1,0,6.1
SUR00128,District_1,1,82,6.4,0,8.2
SUR00129,District_1,1,75,7.6,0,4.2
SUR00130,District_1,1,84,8.8,0,5.8
SUR00131,District_1,1,65,5.7,0,5.4
SUR00132,District_1,1,91,8.0,0,4.2
SUR00133,District_1,1,84,9.6,0,6.8
SUR00134,District_1,1,72,6.3,0,4.9
SUR00135,District_1,1,70,5.5,1,5.4
SUR00136,District_1,1,70,10.0,0,7.7
SUR00137,District_1,1,65,4.8,0,3.7
SUR00138,District_1,1,70,7.5,0,7.5
SUR00139,District_1,1,75,9.0,0,9.1
SUR00140,District_1,1,79,9.2,0,7.1
SUR00141,District_1,1,86,8.0,0,7.9
SUR00142,District_1,1,78,9.4,0,10.0
SUR00143,District_1,1,60,7.3,0,7.0
SUR00144,District_1,1,74,7.0,0,7.3
SUR00145,District_1,1,84,7.8,0,8.4
SUR00146,District_1,1,98,8.1,0,5.6
SUR00147,District_1,1,75,8.1,1,5.2
SUR00148,District_1,1,75,6.5,0,6.5
SUR00149,District_1,1,74,7.7,0,6.0
SUR00150,District_1,1,79,6.3,0,4.3
SUR00151,District_1,1,67,7.4,0,4.2
SUR00152,District_1,1,87,8.3,0,4.0
SUR00153,District_1,1,79,8.2,0,5.6
SUR00154,District_1,1,100,9.9,0,4.6
SUR00155,District_1,1,75,7.0,0,7.5
SUR00156,District_1,1,86,8.9,0,9.1
SUR00157,District_1,1,71,10.0,0,7.4
SUR00158,District_1,1,80,10.0,0,5.2
SUR00159,District_1,1,83,8.9,0,10.0
SUR00160,District_1,1,98,5.9,1,5.4
SUR00161,District_1,1,71,6.4,0,5.7
SUR00162,District_1,1,71,6.6,0,6.0
SUR00163,District_1,1,76,7.8,0,8.2
SUR00164,District_1,1,55,9.9,0,5.0
SUR00165,District_1,1,86,7.4,1,9.6
SUR00166,District_1,1,75,6.7,0,3.1
SUR00167,District_1,1,81,9.1,1,5.3
SUR00168,District_1,1,70,7.0,0,8.1
SUR00169,District_1,1,75,8.8,0,10.0
SUR00170,District_1,1,84,7.2,0,9.4
SUR00171,District_1,1,82,8.7,0,7.6
SUR00172,District_1,1,64,7.9,0,5.1
SUR00173,District_1,1,86,7.2,0,5.4
SUR00174,District_1,1,79,5.9,0,7.9
SUR00175,District_1,1,73,7.7,0,8.0
SUR00176,District_1,1,71,6.1,0,5.8
SUR00177,District_1,1,83,8.0,0,5.8
SUR00178,District_1,1,63,8.7,1,8.5
SUR00179,District_1,1,62,8.3,0,8.0
SUR00180,District_1,1,89,7.5,0,7.2
SUR00181,District_1,1,79,7.5,0,5.3
SUR00182,District_1,1,82,8.5,0,7.3
SUR00183,District_1,1,73,6.9,0,5.7
SUR00184,District_1,1,83,7.8,0,6.5
SUR00185,District_1,1,68,5.9,0,6.9
SUR00186,District_1,1,81,6.7,0,7.6
SUR00187,District_1,1,63,7.9,0,3.0
SUR00188,District_1,1,88,6.0,0,8.4
SUR00189,District_1,1,87,7.8,0,8.3
SUR00190,District_1,1,72,8.4,0,7.9
SUR00191,District_1,1,70,6.8,0,7.2
SUR00192,District_1,1,83,8.0,1,4.2
SUR00193,District_1,1,64,6.0,0,8.3
SUR00194,District_1,1,68,8.1,0,5.5
SUR00195,District_1,1,90,7.0,0,5.3
SUR00196,District_1,1,73,6.4,0,10.0
SUR00197,District_1,1,79,7.2,0,7.0
SUR00198,District_1,1,60,6.2,0,6.1
SUR00199,District_1,1,82,8.5,0,5.7
SUR00200,District_1,1,94,7.8,0,6.8
SUR00201,District_1,1,79,8.8,0,5.2
SUR00202,District_1,1,91,5.4,0,2.1
SUR00203,District_1,1,68,8.7,0,4.5
SUR00204,District_1,1,100,5.6,0,6.5
SUR00205,District_1,1,75,7.5,0,7.9
SUR00206,District_1,1,65,10.0,1,7.7
SUR00207,District_1,1,56,5.7,0,7.7
SUR00208,District_1,1,84,7.6,0,4.9
SUR00209,District_1,1,90,6.3,0,6.9
SUR00210,District_1,1,55,6.9,0,7.7
SUR00211,District_1,1,82,6.4,0,7.8
SUR00212,District_1,1,73,4.4,0,5.5
SUR00213,District_1,1,89,8.2,0,7.6
SUR00214,District_1,1,67,7.6,1,6.7
SUR00215,District_1,1,84,6.5,0,5.9
SUR00216,District_1,1,99,9.1,0,4.6
SUR00217,District_1,1,69,8.2,0,6.1
SUR00218,District_1,1,65,7.6,0,5.3
SUR00219,District_1,1,99,8.2,0,4.7
SUR00220,District_1,1,77,8.2,0,5.9
SUR00221,District_1,1,74,7.6,0,5.7
SUR00222,District_1,1,68,8.1,0,10.0
SUR00223,District_1,1,90,7.9,0,8.1
SUR00224,District_1,1,73,7.1,0,5.3
SUR00225,District_1,1,74,6.7,0,8.5
SUR00226,District_1,1,70,6.8,0,7.3
SUR00227,District_1,1,77,6.5,0,4.1
SUR00228,District_1,1,80,7.4,0,6.7
SUR00229,District_1,1,91,8.2,0,6.9
SUR00230,District_1,1,62,8.7,0,6.0
SUR00231,District_1,1,71,7.8,0,3.3
SUR00232,District_1,1,97,8.9,0,2.7
SUR00233,District_1,1,77,6.2,0,7.8
SUR00234,District_1,1,84,8.9,0,6.6
SUR00235,District_1,1,72,8.8,0,5.2
SUR00236,District_1,1,72,5.9,0,8.4
SUR00237,District_1,1,86,6.2,0,6.6
SUR00238,District_1,1,72,6.8,0,4.4
SUR00239,District_1,1,84,8.2,0,6.8
SUR00240,District_1,1,89,4.9,0,8.1
SUR00241,District_1,1,58,7.9,0,2.5
SUR00242,District_1,1,77,8.3,0,8.4
SUR00243,District_1,1,75,9.8,0,8.6
SUR00244,District_1,1,83,9.4,0,7.5
SUR00245,District_1,1,91,7.1,1,6.4
SUR00246,District_1,1,70,6.9,0,7.0
SUR00247,District_1,1,87,9.0,0,4.8
SUR00248,District_1,1,87,9.1,0,4.9
SUR00249,District_1,1,78,8.2,0,9.1
SUR00250,District_1,1,79,6.1,0,5.5
SUR00251,District_1,1,74,7.6,0,5.8
SUR00252,District_1,1,66,6.9,1,7.8
SUR00253,District_1,1,85,6.1,0,3.0
SUR00254,District_1,1,80,7.9,1,5.4
SUR00255,District_1,1,79,6.5,0,5.6
SUR00256,District_1,1,91,10.0,0,6.6
SUR00257,District_1,1,69,6.3,0,7.6
SUR00258,District_1,1,73,4.7,0,6.3
SUR00259,District_1,1,47,7.8,0,6.5
SUR00260,District_1,1,82,9.4,0,3.9
SUR00261,District_1,1,64,7.8,0,1.7
SUR00262,District_1,1,78,7.0,0,6.0
SUR00263,District_1,1,57,6.3,0,4.9
SUR00264,District_1,1,78,5.9,0,6.0
SUR00265,District_1,1,79,6.9,0,7.3
SUR00266,District_1,1,74,6.4,0,4.1
SUR00267,District_1,1,73,7.8,0,9.0
SUR00268,District_1,1,69,7.4,0,7.5
SUR00269,District_1,1,93,7.7,0,6.2
SUR00270,District_1,1,64,6.5,0,7.1
SUR00271,District_1,1,97,7.4,0,5.4
SUR00272,District_1,1,73,8.8,0,5.4
SUR00273,District_1,1,94,5.5,0,3.0
SUR00274,District_1,1,77,6.6,0,2.2
SUR00275,District_1,1,86,7.2,0,6.3
SUR00276,District_1,1,62,7.1,0,3.4
SUR00277,District_1,1,56,9.4,1,7.7
SUR00278,District_1,1,92,5.6,0,6.0
SUR00279,District_1,1,94,4.1,0,5.5
SUR00280,District_1,1,67,9.0,0,5.2
SUR00281,District_1,1,97,5.8,0,2.7
SUR00282,District_1,1,53,6.6,0,7.3
SUR00283,District_1,1,76,8.0,0,7.4
SUR00284,District_1,1,69,9.1,0,4.3
SUR00285,District_1,1,74,6.7,0,7.4
SUR00286,District_1,1,91,6.8,0,4.1
SUR00287,District_1,1,56,6.1,0,3.7
SUR00288,District_1,1,79,7.6,0,8.8
SUR00289,District_1,1,57,9.4,0,3.3
SUR00290,District_1,1,66,6.8,0,3.2
SUR00291,District_1,1,81,6.5,0,5.0
SUR00292,District_1,1,76,7.4,0,7.4
SUR00293,District_1,1,78,8.3,0,5.7
SUR00294,District_1,1,60,8.6,1,8.3
SUR00295,District_1,1,90,7.4,0,8.7
SUR00296,District_1,1,67,9.5,0,6.3
SUR00297,District_1,1,88,8.3,0,5.6
SUR00298,District_1,1,74,7.6,0,8.1
SUR00299,District_1,1,87,7.6,0,8.5
SUR00300,District_1,1,98,5.1,0,4.3
SUR00301,District_1,1,74,6.9,0,8.2
SUR00302,District_1,1,99,6.3,0,5.6
SUR00303,District_1,1,84,7.3,0,6.3
SUR00304,District_1,1,79,6.5,1,8.2
SUR00305,District_1,1,62,5.9,0,5.0
SUR00306,District_1,1,70,8.6,0,8.5
SUR00307,District_1,1,81,5.5,1,4.3
SUR00308,District_1,1,73,10.0,0,6.6
SUR00309,District_1,1,81,6.3,0,3.8
SUR00310,District_1,1,80,7.5,1,5.7
SUR00311,District_1,1,63,5.9,1,8.3
SUR00312,District_1,1,70,6.4,0,3.2
SUR00313,District_1,1,92,8.6,0,3.6
SUR00314,District_1,1,70,6.7,0,8.3
SUR00315,District_1,1,61,6.8,0,5.5
SUR00316,District_1,1,66,8.8,0,6.0
SUR00317,District_1,1,85,9.9,0,7.8
SUR00318,District_1,1,70,7.1,0,7.7
SUR00319,District_1,1,60,5.3,0,4.2
SUR00320,District_1,1,72,7.2,0,6.3
SUR00321,District_1,1,83,7.3,1,6.6
SUR00322,District_1,1,67,7.5,1,6.2
SUR00323,District_1,1,82,8.3,1,5.2
SUR00324,District_1,1,80,8.6,0,7.1
SUR00325,District_1,1,78,6.6,0,5.4
SUR00326,District_1,1,65,7.7,0,6.7
SUR00327,District_1,1,62,7.8,0,6.4
SUR00328,District_1,1,90,9.7,0,7.2
SUR00329,District_1,1,84,8.7,0,3.4
SUR00330,District_1,1,80,6.8,0,6.8
SUR00331,District_1,1,80,6.1,1,9.2
SUR00332,District_1,1,85,7.0,0,8.5
SUR00333,District_1,1,69,7.7,0,5.4
SUR00334,District_1,1,88,7.3,0,7.1
SUR00335,District_1,1,72,6.5,0,5.6
SUR00336,District_1,1,73,6.5,0,5.2
SUR00337,District_1,1,95,8.7,0,6.8
SUR00338,District_1,1,84,5.3,0,6.1
SUR00339,District_1,1,68,9.1,0,3.0
SUR00340,District_1,1,82,7.6,0,8.2
SUR00341,District_1,1,72,6.6,0,7.2
SUR00342,District_1,1,76,7.6,0,8.0
SUR00343,District_1,1,79,8.7,0,7.5
SUR00344,District_1,1,56,7.9,0,8.5
SUR00345,District_1,1,71,6.9,0,7.4
SUR00346,District_1,1,72,7.0,0,4.5
SUR00347,District_1,1,78,7.3,1,4.4
SUR00348,District_1,1,59,8.1,0,5.7
SUR00349,District_1,1,57,5.7,0,4.9
SUR00350,District_1,1,78,7.0,0,2.3
SUR00351,District_1,1,90,7.5,0,4.6
SUR00352,District_1,1,79,7.6,0,8.5
SUR00353,District_1,1,100,7.1,0,4.6
SUR00354,District_1,1,74,7.7,0,6.9
SUR00355,District_1,1,75,5.2,0,5.0
SUR00356,District_1,1,67,5.4,0,6.5
SUR00357,District_1,1,93,9.3,0,5.8
SUR00358,District_1,1,67,7.5,0,5.1
SUR00359,District_1,1,77,7.4,0,7.2
SUR00360,District_1,1,48,5.5,0,5.6
SUR00361,District_1,1,92,5.1,1,4.4
SUR00362,District_1,1,85,8.0,0,6.3
SUR00363,District_1,1,74,9.2,0,9.2
SUR00364,District_1,1,74,6.5,0,5.2
SUR00365,District_1,1,80,7.9,0,6.3
SUR00366,District_1,1,100,8.9,0,7.8
SUR00367,District_1,1,71,7.2,0,6.5
SUR00368,District_1,1,80,9.1,0,3.8
SUR00369,District_1,1,61,7.1,0,4.3
SUR00370,District_1,1,88,7.9,1,3.1
SUR00371,District_1,1,91,9.7,0,6.1
SUR00372,District_1,1,66,8.5,0,4.0
SUR00373,District_1,1,72,7.4,1,5.1
SUR00374,District_1,1,92,6.8,0,6.9
SUR00375,District_1,1,79,8.9,0,6.1
SUR00376,District_1,1,58,8.3,1,3.4
SUR00377,District_1,1,89,8.4,0,6.2
SUR00378,District_1,1,72,7.8,0,6.3
SUR00379,District_1,1,63,8.6,0,9.1
SUR00380,District_1,1,84,6.5,0,6.7
SUR00381,District_1,1,100,6.7,0,8.1
SUR00382,District_1,1,77,6.5,1,9.8
SUR00383,District_1,1,74,8.3,0,8.7
SUR00384,District_1,1,57,6.8,0,4.5
SUR00385,District_1,1,60,6.6,0,6.1
SUR00386,District_1,1,51,7.8,1,10.0
SUR00387,District_1,1,65,6.4,0,4.9
SUR00388,District_1,1,67,8.2,0,6.4
SUR00389,District_1,1,66,6.9,0,8.2
SUR00390,District_1,1,73,9.3,0,7.2
SUR00391,District_1,1,75,9.2,0,5.6
SUR00392,District_1,1,63,9.6,0,8.2
SUR00393,District_1,1,75,6.3,0,4.0
SUR00394,District_1,1,83,7.3,0,5.8
SUR00395,District_1,1,88,8.9,0,7.3
SUR00396,District_2,0,36,5.4,0,3.2
SUR00397,District_2,0,69,6.2,0,5.6
SUR00398,District_2,0,60,4.6,0,6.2
SUR00399,District_2,0,69,6.0,1,7.0
SUR00400,District_2,0,78,7.1,0,7.2
SUR00401,District_2,0,55,5.6,0,4.5
SUR00402,District_2,0,32,3.3,1,5.4
SUR00403,District_2,0,56,5.1,0,8.0
SUR00404,District_2,0,55,4.4,0,6.1
SUR00405,District_2,0,67,2.4,0,7.1
SUR00406,District_2,0,40,3.2,1,6.0
SUR00407,District_2,0,33,7.6,1,2.8
SUR00408,District_2,0,46,4.6,0,3.8
SUR00409,District_2,0,71,4.8,1,1.3
SUR00410,District_2,0,55,3.4,0,3.8
SUR00411,District_2,0,48,7.9,0,3.2
SUR00412,District_2,0,50,5.7,0,3.0
SUR00413,District_2,0,51,4.6,0,3.8
SUR00414,District_2,0,67,6.2,1,2.7
SUR00415,District_2,0,54,6.9,0,2.1
SUR00416,District_2,0,77,2.2,0,6.0
SUR00417,District_2,0,51,6.8,0,3.1
SUR00418,District_2,0,50,3.9,0,3.7
SUR00419,District_2,0,64,2.8,0,6.4
SUR00420,District_2,0,52,8.0,0,2.8
SUR00421,District_2,0,87,5.6,0,5.6
SUR00422,District_2,0,42,4.2,1,1.9
SUR00423,District_2,0,47,7.7,0,4.4
SUR00424,District_2,0,27,4.4,0,5.4
SUR00425,District_2,0,69,3.7,0,3.1
SUR00426,District_2,0,77,6.3,0,6.1
SUR00427,District_2,0,56,2.9,0,5.1
SUR00428,District_2,0,72,5.2,0,4.8
SUR00429,District_2,0,31,3.1,0,6.2
SUR00430,District_2,0,63,3.5,1,5.7
SUR00431,District_2,0,59,5.9,0,4.2
SUR00432,District_2,0,79,3.7,1,1.5
SUR00433,District_2,0,60,6.2,1,7.7
SUR00434,District_2,0,60,2.1,0,3.3
SUR00435,District_2,0,47,4.8,0,1.0
SUR00436,District_2,0,65,4.3,0,7.2
SUR00437,District_2,0,33,4.8,0,5.3
SUR00438,District_2,0,46,4.5,1,4.3
SUR00439,District_2,0,48,5.6,1,4.1
SUR00440,District_2,0,24,5.7,1,5.8
SUR00441,District_2,0,60,4.5,0,8.2
SUR00442,District_2,0,30,4.4,0,3.5
SUR00443,District_2,0,67,5.7,0,2.7
SUR00444,District_2,0,37,5.8,0,3.8
SUR00445,District_2,0,50,2.0,0,1.7
SUR00446,District_2,0,63,3.2,0,3.9
SUR00447,District_2,0,82,3.3,0,6.5
SUR00448,District_2,0,44,4.4,0,4.5
SUR00449,District_2,0,42,2.3,0,5.0
SUR00450,District_2,0,67,5.7,0,6.0
SUR00451,District_2,0,55,3.7,1,3.7
SUR00452,District_2,0,60,6.1,1,2.1
SUR00453,District_2,0,57,4.1,0,3.9
SUR00454,District_2,0,51,6.3,0,4.0
SUR00455,District_2,0,48,4.6,1,5.7
SUR00456,District_2,0,75,4.8,0,5.6
SUR00457,District_2,0,33,6.0,1,1.0
SUR00458,District_2,0,31,4.4,0,1.4
SUR00459,District_2,0,38,2.7,0,6.3
SUR00460,District_2,0,76,2.8,0,2.1
SUR00461,District_2,0,80,6.4,0,6.1
SUR00462,District_2,0,64,3.3,0,1.0
SUR00463,District_2,0,25,4.5,0,7.4
SUR00464,District_2,0,61,7.0,0,4.3
SUR00465,District_2,0,50,4.2,1,6.3
SUR00466,District_2,0,38,4.0,0,4.5
SUR00467,District_2,0,72,5.4,0,7.0
SUR00468,District_2,0,71,6.9,1,6.9
SUR00469,District_2,0,43,7.4,0,4.0
SUR00470,District_2,0,66,4.0,0,1.6
SUR00471,District_2,0,43,5.8,0,1.1
SUR00472,District_2,0,53,4.9,0,2.5
SUR00473,District_2,0,33,5.0,0,2.6
SUR00474,District_2,0,41,5.7,0,7.0
SUR00475,District_2,0,32,5.5,1,3.3
SUR00476,District_2,0,45,3.6,0,4.9
SUR00477,District_2,0,27,3.6,0,1.5
SUR00478,District_2,0,89,7.3,0,3.6
SUR00479,District_2,0,43,4.3,0,4.3
SUR00480,District_2,0,56,5.9,0,4.2
SUR00481,District_2,0,59,7.2,1,1.9
SUR00482,District_2,0,29,4.8,0,5.4
SUR00483,District_2,0,59,7.0,0,5.7
SUR00484,District_2,0,41,4.1,0,3.7
SUR00485,District_2,0,55,6.5,0,1.0
SUR00486,District_2,0,51,5.2,0,5.3
SUR00487,District_2,0,47,4.7,0,4.7
SUR00488,District_2,0,41,6.2,0,6.7
SUR00489,District_2,0,69,4.8,0,2.3
SUR00490,District_2,0,72,4.1,1,7.4
SUR00491,District_2,0,60,2.7,0,3.3
SUR00492,District_2,0,57,5.9,1,8.2
SUR00493,District_2,0,38,6.0,0,2.9
SUR00494,District_2,0,58,7.6,0,4.9
SUR00495,District_2,0,46,5.7,0,1.0
SUR00496,District_2,0,26,3.9,0,3.8
SUR00497,District_2,0,44,5.2,0,3.9
SUR00498,District_2,0,49,4.9,0,4.9
SUR00499,District_2,0,65,6.7,0,3.6
SUR00500,District_2,0,54,6.7,0,3.9
SUR00501,District_2,0,49,8.4,0,6.2
SUR00502,District_2,0,50,4.9,0,3.0
SUR00503,District_2,0,64,6.8,1,3.4
SUR00504,District_2,0,37,7.2,0,4.9
SUR00505,District_2,0,53,6.2,0,4.4
SUR00506,District_2,0,67,4.4,1,3.9
SUR00507,District_2,0,53,4.6,1,4.3
SUR00508,District_2,0,49,6.2,0,1.8
SUR00509,District_2,0,49,5.9,0,7.7
SUR00510,District_2,0,25,3.4,0,3.2
SUR00511,District_2,0,54,3.6,1,2.6
SUR00512,District_2,0,34,5.8,0,4.6
SUR00513,District_2,0,52,1.9,0,2.1
SUR00514,District_2,0,43,5.4,1,3.5
SUR00515,District_2,0,79,4.2,1,6.4
SUR00516,District_2,0,47,3.8,0,4.2
SUR00517,District_2,0,20,4.4,1,2.9
SUR00518,District_2,0,50,5.4,0,2.1
SUR00519,District_2,0,31,5.0,0,4.8
SUR00520,District_2,0,57,3.3,0,2.6
SUR00521,District_2,0,64,2.6,0,2.5
SUR00522,District_2,0,38,5.3,0,4.8
SUR00523,District_2,0,56,5.7,0,5.7
SUR00524,District_2,0,54,6.1,0,2.9
SUR00525,District_2,0,36,2.7,0,1.4
SUR00526,District_2,0,44,5.4,0,3.5
SUR00527,District_2,0,71,5.9,0,5.3
SUR00528,District_2,0,49,4.3,0,4.8
SUR00529,District_2,0,46,4.5,0,2.9
SUR00530,District_2,0,53,4.4,0,4.9
SUR00531,District_2,0,47,4.2,0,2.9
SUR00532,District_2,0,49,6.8,0,2.2
SUR00533,District_2,0,58,4.2,0,6.8
SUR00534,District_2,0,53,4.0,0,6.3
SUR00535,District_2,0,88,1.9,0,2.5
SUR00536,District_2,0,74,5.9,0,5.1
SUR00537,District_2,0,52,3.9,0,1.7
SUR00538,District_2,0,55,3.9,0,6.8
SUR00539,District_2,0,36,7.2,0,5.4
SUR00540,District_2,0,43,3.3,0,4.6
SUR00541,District_2,0,51,2.9,0,1.8
SUR00542,District_2,0,66,2.9,0,6.1
SUR00543,District_2,0,56,2.9,0,4.8
SUR00544,District_2,0,55,4.0,0,5.1
SUR00545,District_2,0,46,4.9,1,6.3
SUR00546,District_2,0,34,4.5,1,5.3
SUR00547,District_2,0,41,6.2,0,2.0
SUR00548,District_2,0,43,5.6,0,6.2
SUR00549,District_2,0,59,5.3,1,2.8
SUR00550,District_2,0,73,5.5,0,3.6
SUR00551,District_2,0,39,5.8,0,3.6
SUR00552,District_2,0,53,4.8,0,1.8
SUR00553,District_2,0,76,7.2,0,2.8
SUR00554,District_2,0,49,4.1,0,2.2
SUR00555,District_2,0,63,4.2,0,2.3
SUR00556,District_2,0,33,3.8,1,4.0
SUR00557,District_2,0,80,3.8,0,5.6
SUR00558,District_2,0,42,3.3,0,7.6
SUR00559,District_2,0,40,3.4,0,5.2
SUR00560,District_2,0,76,4.7,0,7.2
SUR00561,District_2,0,64,4.7,0,2.1
SUR00562,District_2,0,40,4.3,1,7.4
SUR00563,District_2,0,57,3.8,0,3.6
SUR00564,District_2,0,59,6.8,0,8.2
SUR00565,District_2,0,34,7.1,0,2.5
SUR00566,District_2,0,36,6.0,0,6.1
SUR00567,District_2,0,64,5.4,0,2.0
SUR00568,District_2,0,60,7.1,0,2.2
SUR00569,District_2,0,35,5.4,1,8.2
SUR00570,District_2,0,50,3.1,1,2.7
SUR00571,District_2,0,61,3.6,1,4.6
SUR00572,District_2,0,53,5.1,0,2.1
SUR00573,District_2,0,47,5.9,0,4.3
SUR00574,District_2,0,40,6.9,0,7.9
SUR00575,District_2,0,58,6.8,0,4.7
SUR00576,District_2,0,50,6.3,0,3.2
SUR00577,District_2,0,49,6.5,0,3.5
SUR00578,District_2,0,53,4.6,1,4.0
SUR00579,District_2,0,64,4.5,0,4.3
SUR00580,District_2,0,23,4.4,1,4.9
SUR00581,District_2,0,44,5.2,0,5.6
SUR00582,District_2,0,56,6.2,0,3.1
SUR00583,District_2,0,54,9.6,0,5.3
SUR00584,District_2,0,78,4.5,0,1.2
SUR00585,District_2,0,56,4.2,0,4.6
SUR00586,District_2,0,69,6.0,1,2.8
SUR00587,District_2,0,63,4.5,0,3.9
SUR00588,District_2,0,67,6.9,1,5.1
SUR00589,District_2,0,48,7.1,0,6.7
SUR00590,District_2,0,35,7.8,1,3.7
SUR00591,District_2,0,78,5.8,0,4.8
SUR00592,District_2,0,52,7.3,0,4.6
SUR00593,District_2,0,49,3.3,0,1.0
SUR00594,District_2,0,36,7.0,0,4.7
SUR00595,District_2,0,60,6.3,0,7.9
SUR00596,District_2,0,13,5.5,1,5.9
SUR00597,District_2,0,29,4.9,0,3.5
SUR00598,District_2,0,27,1.1,1,3.5
SUR00599,District_2,0,34,6.1,0,3.2
SUR00600,District_2,0,46,4.4,1,5.4
SUR00601,District_2,0,61,4.7,1,4.3
SUR00602,District_2,0,48,5.5,0,1.6
SUR00603,District_2,0,64,5.6,0,5.4
SUR00604,District_2,0,82,4.0,0,5.2
SUR00605,District_2,0,55,4.0,1,4.2
SUR00606,District_2,0,66,3.8,0,4.6
SUR00607,District_2,0,62,5.2,0,2.7
SUR00608,District_2,0,57,6.8,0,6.9
SUR00609,District_2,0,33,5.4,0,1.6
SUR00610,District_2,0,51,5.6,1,4.1
SUR00611,District_2,0,39,4.8,0,4.2
SUR00612,District_2,0,57,4.5,0,3.5
SUR00613,District_2,0,56,4.2,0,4.3
SUR00614,District_2,0,45,4.6,1,2.4
SUR00615,District_2,0,61,3.1,0,3.2
SUR00616,District_2,0,46,7.0,0,2.5
SUR00617,District_2,0,56,5.5,0,3.9
SUR00618,District_2,0,35,5.4,0,6.8
SUR00619,District_2,0,29,5.6,0,5.1
SUR00620,District_2,0,72,4.5,0,1.9
SUR00621,District_2,0,66,5.6,0,3.7
SUR00622,District_2,0,58,4.2,0,4.2
SUR00623,District_2,0,39,4.4,0,3.0
SUR00624,District_2,0,38,5.1,0,3.4
SUR00625,District_2,0,33,5.2,0,6.5
SUR00626,District_2,0,49,7.2,0,1.1
SUR00627,District_2,0,57,3.8,0,5.0
SUR00628,District_2,0,45,3.8,1,1.0
SUR00629,District_2,0,72,4.5,0,4.7
SUR00630,District_2,0,20,6.6,0,2.6
SUR00631,District_2,0,62,5.5,1,5.4
SUR00632,District_2,0,49,8.3,0,7.7
SUR00633,District_2,0,52,5.0,0,4.1
SUR00634,District_2,0,11,5.6,0,6.6
SUR00635,District_2,0,41,5.2,1,5.4
SUR00636,District_2,0,34,5.5,0,5.0
SUR00637,District_2,0,69,4.0,1,2.3
SUR00638,District_2,0,42,5.2,1,6.2
SUR00639,District_2,0,24,3.5,0,5.0
SUR00640,District_2,0,55,5.6,0,2.3
SUR00641,District_2,0,65,5.7,0,2.5
SUR00642,District_2,0,60,4.8,0,3.2
SUR00643,District_2,0,50,4.2,1,2.6
SUR00644,District_2,0,62,4.1,0,3.9
SUR00645,District_2,0,37,3.8,1,5.2
SUR00646,District_2,0,55,4.1,0,3.8
SUR00647,District_2,0,57,8.6,0,4.6
SUR00648,District_2,0,51,5.5,1,2.0
SUR00649,District_2,0,45,4.8,0,6.1
SUR00650,District_2,0,38,4.1,0,5.8
SUR00651,District_2,0,42,4.9,1,8.0
SUR00652,District_2,0,66,5.9,0,2.3
SUR00653,District_2,0,41,5.8,0,2.1
SUR00654,District_2,0,46,6.5,1,1.8
SUR00655,District_2,0,60,6.5,0,6.4
SUR00656,District_2,0,32,5.1,0,1.7
SUR00657,District_2,0,39,4.1,0,3.4
SUR00658,District_2,0,25,4.8,0,1.4
SUR00659,District_2,0,80,6.2,0,4.3
SUR00660,District_2,0,46,4.2,0,4.6
SUR00661,District_2,0,59,8.0,0,5.0
SUR00662,District_2,0,82,4.1,1,4.0
SUR00663,District_2,0,32,5.8,1,2.1
SUR00664,District_2,0,49,5.5,0,5.1
SUR00665,District_2,0,43,6.2,0,4.3
SUR00666,District_2,0,46,2.2,0,4.3
SUR00667,District_2,0,52,6.4,0,2.6
SUR00668,District_2,0,71,4.6,0,4.9
SUR00669,District_2,0,59,3.9,0,5.7
SUR00670,District_2,0,74,6.5,0,2.7
SUR00671,District_2,0,52,2.6,1,1.8
SUR00672,District_2,0,43,7.8,1,5.5
SUR00673,District_2,0,67,5.4,0,1.0
SUR00674,District_2,0,43,4.9,1,2.4
SUR00675,District_2,0,52,3.3,0,2.8
SUR00676,District_2,0,59,4.7,0,2.7
SUR00677,District_2,0,63,6.7,0,5.5
SUR00678,District_2,0,50,5.5,0,6.3
SUR00679,District_2,0,61,5.9,0,6.0
SUR00680,District_2,0,42,6.5,0,2.5
SUR00681,District_2,0,46,3.9,0,6.9
SUR00682,District_2,0,58,2.8,0,1.9
SUR00683,District_2,0,51,3.7,0,4.6
SUR00684,District_2,0,41,5.1,0,4.5
SUR00685,District_2,0,63,4.8,1,6.9
SUR00686,District_2,0,54,4.7,0,5.1
SUR00687,District_2,0,30,5.8,0,7.2
SUR00688,District_2,0,57,4.5,0,2.6
SUR00689,District_2,0,58,3.6,1,5.7
SUR00690,District_2,0,50,3.7,0,6.3
SUR00691,District_2,0,55,6.0,0,5.2
SUR00692,District_2,0,68,6.6,0,2.7
SUR00693,District_2,0,27,7.1,0,3.7
SUR00694,District_2,0,63,4.4,0,5.3
SUR00695,District_2,0,17,5.3,0,5.6
SUR00696,District_2,0,41,5.8,0,2.5
SUR00697,District_2,0,26,5.5,0,2.2
SUR00698,District_2,0,71,5.9,0,6.5
SUR00699,District_2,0,47,6.1,0,6.0
SUR00700,District_2,0,51,4.0,0,6.5
SUR00701,District_2,0,47,4.2,1,7.5
SUR00702,District_2,0,49,5.7,0,4.5
SUR00703,District_2,0,49,3.7,0,1.4
SUR00704,District_2,0,63,4.2,1,6.8
SUR00705,District_2,0,55,5.3,0,4.0
SUR00706,District_2,0,40,4.4,0,7.3
SUR00707,District_2,0,27,5.6,0,2.7
SUR00708,District_2,0,68,4.1,0,6.0
SUR00709,District_2,0,58,1.8,0,2.3
SUR00710,District_2,0,47,5.5,0,6.9
SUR00711,District_2,0,65,5.0,0,1.4
SUR00712,District_2,0,82,6.9,0,4.3
SUR00713,District_2,0,52,4.6,0,4.0
SUR00714,District_2,0,70,5.2,0,3.0
SUR00715,District_2,0,52,4.5,1,4.2
SUR00716,District_2,0,76,4.1,1,2.9
SUR00717,District_2,0,53,4.4,1,3.7
SUR00718,District_2,0,45,3.7,0,4.5
SUR00719,District_2,0,70,5.3,0,2.7
SUR00720,District_2,0,53,5.2,0,4.0
SUR00721,District_2,0,52,3.7,0,5.5
SUR00722,District_2,0,63,6.3,0,2.6
SUR00723,District_2,0,50,4.1,1,4.4
SUR00724,District_2,0,27,5.1,1,2.2
SUR00725,District_2,0,46,6.3,0,7.1
SUR00726,District_2,0,42,6.9,1,4.9
SUR00727,District_2,0,39,1.8,0,1.8
SUR00728,District_2,0,66,6.3,0,7.5
SUR00729,District_2,0,44,5.4,0,4.9
SUR00730,District_2,0,44,5.8,1,2.6
SUR00731,District_2,0,50,4.4,0,8.6
SUR00732,District_2,0,56,6.1,0,3.9
SUR00733,District_2,0,58,6.6,0,1.3
SUR00734,District_2,0,53,5.9,0,6.4
SUR00735,District_2,0,53,6.3,1,4.7
SUR00736,District_2,0,35,7.7,0,6.7
SUR00737,District_2,0,58,7.0,0,4.4
SUR00738,District_2,0,37,4.2,0,2.9
SUR00739,District_2,0,67,6.1,0,2.0
SUR00740,District_2,0,47,6.6,0,2.8
SUR00741,District_2,0,33,5.5,0,2.9
SUR00742,District_3,1,58,7.8,0,6.4
SUR00743,District_3,1,68,6.7,0,9.5
SUR00744,District_3,1,75,6.3,0,6.4
SUR00745,District_3,1,74,7.0,0,10.0
SUR00746,District_3,1,40,8.5,0,5.4
SUR00747,District_3,1,64,8.8,0,6.6
SUR00748,District_3,1,75,5.7,0,6.5
SUR00749,District_3,1,69,7.4,0,7.0
SUR00750,District_3,1,83,7.3,0,8.0
SUR00751,District_3,1,70,8.0,0,8.9
SUR00752,District_3,1,76,6.9,0,6.3
SUR00753,District_3,1,81,6.0,1,6.2
SUR00754,District_3,1,88,7.3,0,6.4
SUR00755,District_3,1,78,9.1,0,8.2
SUR00756,District_3,1,57,5.2,0,4.3
SUR00757,District_3,1,93,6.3,1,5.7
SUR00758,District_3,1,88,7.6,0,9.8
SUR00759,District_3,1,65,7.0,0,2.7
SUR00760,District_3,1,80,6.4,0,8.1
SUR00761,District_3,1,66,6.9,0,8.7
SUR00762,District_3,1,71,8.1,1,8.2
SUR00763,District_3,1,85,8.0,0,5.6
SUR00764,District_3,1,79,8.7,0,8.4
SUR00765,District_3,1,81,8.4,0,7.6
SUR00766,District_3,1,82,6.1,0,7.5
SUR00767,District_3,1,93,8.3,0,4.5
SUR00768,District_3,1,85,8.5,0,6.0
SUR00769,District_3,1,77,7.1,1,6.7
SUR00770,District_3,1,73,9.1,0,10.0
SUR00771,District_3,1,75,7.0,0,4.3
SUR00772,District_3,1,73,8.9,0,6.4
SUR00773,District_3,1,78,8.4,0,7.2
SUR00774,District_3,1,62,7.5,0,6.6
SUR00775,District_3,1,77,6.6,0,6.8
SUR00776,District_3,1,91,7.0,0,3.6
SUR00777,District_3,1,77,6.9,0,7.0
SUR00778,District_3,1,76,9.8,0,4.6
SUR00779,District_3,1,57,8.9,0,6.4
SUR00780,District_3,1,61,8.9,0,6.4
SUR00781,District_3,1,62,8.1,0,8.9
SUR00782,District_3,1,73,7.1,0,2.2
SUR00783,District_3,1,72,8.5,0,2.7
SUR00784,District_3,1,71,6.6,0,5.4
SUR00785,District_3,1,78,9.4,0,8.1
SUR00786,District_3,1,90,5.9,0,7.1
SUR00787,District_3,1,84,6.5,0,6.5
SUR00788,District_3,1,96,8.4,0,9.0
SUR00789,District_3,1,58,7.4,0,5.0
SUR00790,District_3,1,80,9.1,0,5.5
SUR00791,District_3,1,74,9.1,0,7.5
SUR00792,District_3,1,84,4.9,0,7.1
SUR00793,District_3,1,69,6.7,0,5.2
SUR00794,District_3,1,78,6.7,0,5.5
SUR00795,District_3,1,72,8.7,0,5.1
SUR00796,District_3,1,82,6.1,0,4.2
SUR00797,District_3,1,91,4.9,0,5.5
SUR00798,District_3,1,54,6.5,0,2.9
SUR00799,District_3,1,72,8.3,0,6.2
SUR00800,District_3,1,97,9.9,0,6.2
SUR00801,District_3,1,88,5.8,0,6.7
SUR00802,District_3,1,83,6.7,0,8.8
SUR00803,District_3,1,67,7.8,1,6.3
SUR00804,District_3,1,68,8.9,0,4.9
SUR00805,District_3,1,79,10.0,0,6.0
SUR00806,District_3,1,76,8.1,0,4.7
SUR00807,District_3,1,64,8.6,0,7.4
SUR00808,District_3,1,71,7.8,0,7.9
SUR00809,District_3,1,100,9.4,0,8.0
SUR00810,District_3,1,82,7.1,0,8.9
SUR00811,District_3,1,59,7.7,1,3.6
SUR00812,District_3,1,96,5.2,0,5.6
SUR00813,District_3,1,70,8.5,0,10.0
SUR00814,District_3,1,98,9.5,0,8.3
SUR00815,District_3,1,88,8.5,0,7.4
SUR00816,District_3,1,43,6.8,0,6.3
SUR00817,District_3,1,53,6.1,0,8.7
SUR00818,District_3,1,77,9.6,0,5.9
SUR00819,District_3,1,82,6.6,0,5.5
SUR00820,District_3,1,84,7.3,0,7.0
SUR00821,District_3,1,89,6.0,0,6.3
SUR00822,District_3,1,75,8.2,0,5.3
SUR00823,District_3,1,60,9.8,0,5.4
SUR00824,District_3,1,73,7.8,0,8.4
SUR00825,District_3,1,55,9.2,0,9.3
SUR00826,District_3,1,73,6.6,0,7.4
SUR00827,District_3,1,91,7.6,0,5.5
SUR00828,District_3,1,94,7.9,0,6.3
SUR00829,District_3,1,71,6.8,0,4.7
SUR00830,District_3,1,82,6.6,0,4.4
SUR00831,District_3,1,61,7.0,1,6.9
SUR00832,District_3,1,88,7.4,0,6.3
SUR00833,District_3,1,68,7.1,0,8.7
SUR00834,District_3,1,72,9.2,0,8.0
SUR00835,District_3,1,85,5.2,1,3.2
SUR00836,District_3,1,72,7.8,0,9.2
SUR00837,District_3,1,82,5.9,0,5.7
SUR00838,District_3,1,73,8.9,0,5.6
SUR00839,District_3,1,82,6.8,0,6.1
SUR00840,District_3,1,77,7.6,0,6.3
SUR00841,District_3,1,90,9.2,0,3.9
SUR00842,District_3,1,68,5.8,0,7.5
SUR00843,District_3,1,86,9.3,0,5.6
SUR00844,District_3,1,77,8.3,0,4.5
SUR00845,District_3,1,82,7.2,0,8.3
SUR00846,District_3,1,69,5.0,0,4.4
SUR00847,District_3,1,95,9.9,0,7.2
SUR00848,District_3,1,83,7.3,0,5.7
SUR00849,District_3,1,62,8.4,0,8.8
SUR00850,District_3,1,87,7.9,0,7.7
SUR00851,District_3,1,99,10.0,0,8.3
SUR00852,District_3,1,66,6.5,0,2.9
SUR00853,District_3,1,66,8.9,0,5.5
SUR00854,District_3,1,94,9.8,0,6.1
SUR00855,District_3,1,69,6.3,0,7.1
SUR00856,District_3,1,88,7.5,0,8.7
SUR00857,District_3,1,80,8.1,0,3.4
SUR00858,District_3,1,72,8.5,0,7.0
SUR00859,District_3,1,78,8.4,0,4.9
SUR00860,District_3,1,90,8.9,0,6.0
SUR00861,District_3,1,82,7.7,0,4.6
SUR00862,District_3,1,66,8.2,0,10.0
SUR00863,District_3,1,73,6.3,0,7.8
SUR00864,District_3,1,88,6.5,0,6.1
SUR00865,District_3,1,97,7.6,0,5.3
SUR00866,District_3,1,85,7.3,0,7.8
SUR00867,District_3,1,100,8.5,0,6.1
SUR00868,District_3,1,74,5.6,0,7.2
SUR00869,District_3,1,85,8.2,0,7.1
SUR00870,District_3,1,81,8.6,0,5.6
SUR00871,District_3,1,99,5.2,0,7.6
SUR00872,District_3,1,78,9.6,0,5.3
SUR00873,District_3,1,90,10.0,0,4.5
SUR00874,District_3,1,76,9.0,0,6.9
SUR00875,District_3,1,69,7.4,0,8.3
SUR00876,District_3,1,97,7.4,0,4.2
SUR00877,District_3,1,76,7.0,0,10.0
SUR00878,District_3,1,79,7.7,0,4.6
SUR00879,District_3,1,67,7.2,0,7.0
SUR00880,District_3,1,88,8.1,0,10.0
SUR00881,District_3,1,62,7.7,0,4.1
SUR00882,District_3,1,63,8.4,0,4.5
SUR00883,District_3,1,91,7.3,0,9.0
SUR00884,District_3,1,78,6.5,0,9.4
SUR00885,District_3,1,73,9.1,0,3.4
SUR00886,District_3,1,64,6.5,1,5.2
SUR00887,District_3,1,83,7.5,0,5.7
SUR00888,District_3,1,87,7.5,0,5.5
SUR00889,District_3,1,82,7.8,0,7.2
SUR00890,District_3,1,57,7.6,0,6.7
SUR00891,District_3,1,90,7.3,0,3.8
SUR00892,District_3,1,81,7.9,0,9.1
SUR00893,District_3,1,72,6.6,0,4.1
SUR00894,District_3,1,78,7.5,0,7.6
SUR00895,District_3,1,65,7.8,0,2.3
SUR00896,District_3,1,84,5.7,0,4.6
SUR00897,District_3,1,75,9.2,0,4.6
SUR00898,District_3,1,87,10.0,0,10.0
SUR00899,District_3,1,82,8.4,0,5.4
SUR00900,District_3,1,80,7.3,0,7.2
SUR00901,District_3,1,84,7.3,0,7.9
SUR00902,District_3,1,87,6.5,0,7.7
SUR00903,District_3,1,63,9.5,0,5.6
SUR00904,District_3,1,89,6.2,0,5.9
SUR00905,District_3,1,57,8.8,0,7.7
SUR00906,District_3,1,75,7.2,0,6.8
SUR00907,District_3,1,93,9.2,0,9.5
SUR00908,District_3,1,80,8.5,0,2.3
SUR00909,District_3,1,74,8.7,0,8.5
SUR00910,District_3,1,72,7.9,0,7.0
SUR00911,District_3,1,64,9.6,1,9.8
SUR00912,District_3,1,98,5.8,0,10.0
SUR00913,District_3,1,60,5.7,0,6.4
SUR00914,District_3,1,64,5.9,0,7.3
SUR00915,District_3,1,58,7.2,1,5.8
SUR00916,District_3,1,95,6.9,0,8.4
SUR00917,District_3,1,74,7.1,0,8.5
SUR00918,District_3,1,85,9.6,0,5.9
SUR00919,District_3,1,84,7.0,0,7.9
SUR00920,District_3,1,83,8.8,0,6.4
SUR00921,District_3,1,79,7.8,1,5.0
SUR00922,District_3,1,79,9.0,0,7.1
SUR00923,District_3,1,92,8.1,0,7.5
SUR00924,District_3,1,77,8.1,0,7.7
SUR00925,District_3,1,70,7.4,0,4.9
SUR00926,District_3,1,92,6.6,0,6.1
SUR00927,District_3,1,83,5.9,0,3.6
SUR00928,District_3,1,52,8.4,0,6.8
SUR00929,District_3,1,72,9.9,0,6.7
SUR00930,District_3,1,75,7.1,0,4.0
SUR00931,District_3,1,94,7.7,1,3.9
SUR00932,District_3,1,78,6.5,0,7.6
SUR00933,District_3,1,69,7.5,0,8.8
SUR00934,District_3,1,65,7.3,0,5.0
SUR00935,District_3,1,77,6.9,0,6.3
SUR00936,District_3,1,88,6.5,0,3.8
SUR00937,District_3,1,97,8.9,0,8.1
SUR00938,District_3,1,61,8.9,0,9.2
SUR00939,District_3,1,79,9.3,1,4.5
SUR00940,District_3,1,72,8.7,0,4.0
SUR00941,District_3,1,76,6.7,0,6.1
SUR00942,District_3,1,68,7.0,0,6.9
SUR00943,District_3,1,60,8.1,0,4.2
SUR00944,District_3,1,81,6.8,0,4.3
SUR00945,District_3,1,73,9.4,0,8.4
SUR00946,District_3,1,86,7.7,0,3.5
SUR00947,District_3,1,78,6.7,0,3.8
SUR00948,District_3,1,96,8.4,0,6.2
SUR00949,District_3,1,92,8.6,0,9.8
SUR00950,District_3,1,100,8.2,0,5.6
SUR00951,District_3,1,67,8.7,0,4.4
SUR00952,District_3,1,92,8.1,0,7.5
SUR00953,District_3,1,79,9.5,0,8.5
SUR00954,District_3,1,84,8.9,0,9.0
SUR00955,District_3,1,77,7.0,0,7.2
SUR00956,District_3,1,79,6.9,0,7.6
SUR00957,District_3,1,73,7.6,0,7.6
SUR00958,District_3,1,92,7.7,0,6.9
SUR00959,District_3,1,68,6.9,0,9.8
SUR00960,District_3,1,78,6.6,0,6.6
SUR00961,District_3,1,85,7.4,0,6.4
SUR00962,District_3,1,73,6.9,0,8.1
SUR00963,District_3,1,89,7.8,0,6.9
SUR00964,District_3,1,73,5.1,0,10.0
SUR00965,District_3,1,75,8.9,0,10.0
SUR00966,District_3,1,92,7.3,0,4.8
SUR00967,District_3,1,72,8.1,0,8.0
SUR00968,District_3,1,89,4.9,1,6.6
SUR00969,District_3,1,85,7.8,0,7.1
SUR00970,District_3,1,100,7.5,0,8.6
SUR00971,District_3,1,71,7.6,0,6.0
SUR00972,District_3,1,74,7.9,1,5.0
SUR00973,District_3,1,81,7.1,0,5.5
SUR00974,District_3,1,74,8.1,0,6.2
SUR00975,District_3,1,82,4.6,0,2.9
SUR00976,District_3,1,79,8.0,0,5.9
SUR00977,District_3,1,64,7.9,0,6.5
SUR00978,District_3,1,69,9.5,0,8.1
SUR00979,District_3,1,97,8.0,1,5.4
SUR00980,District_3,1,73,5.0,1,7.2
SUR00981,District_3,1,82,7.2,0,6.6
SUR00982,District_3,1,70,7.2,0,8.0
SUR00983,District_3,1,69,7.6,0,8.6
SUR00984,District_3,1,90,7.3,0,5.7
SUR00985,District_3,1,80,7.8,0,8.6
SUR00986,District_3,1,67,6.6,0,8.3
SUR00987,District_3,1,80,9.5,0,5.9
SUR00988,District_3,1,82,7.6,0,8.4
SUR00989,District_3,1,97,10.0,1,7.0
SUR00990,District_3,1,54,6.1,0,7.8
SUR00991,District_3,1,90,7.2,0,7.5
SUR00992,District_3,1,73,8.5,0,5.6
SUR00993,District_3,1,100,6.0,0,5.4
SUR00994,District_3,1,96,9.1,0,8.9
SUR00995,District_3,1,98,7.9,0,5.7
SUR00996,District_3,1,73,7.9,0,2.9
SUR00997,District_3,1,63,9.2,0,5.2
SUR00998,District_3,1,77,7.2,0,8.7
SUR00999,District_3,1,67,7.0,0,9.1
SUR01000,District_3,1,77,7.2,0,8.6
SUR01001,District_3,1,62,7.3,0,5.8
SUR01002,District_3,1,73,6.3,0,5.9
SUR01003,District_3,1,94,8.1,0,7.2
SUR01004,District_3,1,80,7.3,0,7.6
SUR01005,District_3,1,65,7.5,0,2.9
SUR01006,District_3,1,84,7.5,0,4.9
SUR01007,District_3,1,70,8.6,0,6.7
SUR01008,District_3,1,91,8.1,0,6.0
SUR01009,District_3,1,88,8.2,0,5.1
SUR01010,District_3,1,85,7.5,0,7.3
SUR01011,District_3,1,97,8.3,0,5.5
SUR01012,District_3,1,75,10.0,0,3.1
SUR01013,District_3,1,100,9.1,0,8.3
SUR01014,District_3,1,83,6.6,0,6.3
SUR01015,District_3,1,86,9.0,0,7.1
SUR01016,District_3,1,52,8.2,0,4.5
SUR01017,District_3,1,76,7.7,0,4.7
SUR01018,District_3,1,74,8.6,1,3.4
SUR01019,District_3,1,64,8.5,0,7.2
SUR01020,District_3,1,66,7.9,0,6.1
SUR01021,District_3,1,91,7.3,0,8.6
SUR01022,District_3,1,85,6.8,0,5.4
SUR01023,District_3,1,85,8.7,0,4.7
SUR01024,District_3,1,100,8.1,0,4.7
SUR01025,District_3,1,83,7.4,0,7.9
SUR01026,District_3,1,93,7.7,0,10.0
SUR01027,District_3,1,81,7.3,0,5.8
SUR01028,District_3,1,70,6.5,1,7.6
SUR01029,District_3,1,77,9.1,0,5.5
SUR01030,District_3,1,85,7.9,0,5.8
SUR01031,District_3,1,59,5.5,0,4.4
SUR01032,District_3,1,80,8.6,0,6.7
SUR01033,District_3,1,83,8.1,0,5.4
SUR01034,District_3,1,69,8.3,0,4.8
SUR01035,District_3,1,62,8.9,0,8.6
SUR01036,District_3,1,83,7.5,1,8.1
SUR01037,District_3,1,78,7.9,0,8.6
SUR01038,District_3,1,91,6.2,0,6.9
SUR01039,District_3,1,79,7.1,1,5.1
SUR01040,District_3,1,52,8.8,0,7.1
SUR01041,District_3,1,77,7.7,0,7.0
SUR01042,District_3,1,86,7.3,0,5.0
SUR01043,District_3,1,62,8.0,0,9.9
SUR01044,District_3,1,59,6.7,0,6.5
SUR01045,District_3,1,85,7.1,0,6.8
SUR01046,District_3,1,90,8.6,0,6.8
SUR01047,District_3,1,74,5.7,0,7.4
SUR01048,District_3,1,81,7.1,0,6.0
SUR01049,District_3,1,66,7.8,1,8.8
SUR01050,District_3,1,71,8.2,0,9.1
SUR01051,District_3,1,82,6.7,0,3.0
SUR01052,District_3,1,79,8.3,0,6.1
SUR01053,District_3,1,82,7.7,0,8.5
SUR01054,District_3,1,83,9.1,0,7.3
SUR01055,District_3,1,100,8.4,0,4.6
SUR01056,District_3,1,44,7.4,0,5.8
SUR01057,District_3,1,84,9.0,1,9.2
SUR01058,District_3,1,71,7.7,0,3.6
SUR01059,District_3,1,68,8.2,0,6.7
SUR01060,District_3,1,82,7.1,0,6.3
SUR01061,District_3,1,80,6.6,0,5.8
SUR01062,District_3,1,86,6.0,0,5.9
SUR01063,District_4,0,57,4.9,1,1.8
SUR01064,District_4,0,58,4.5,0,6.2
SUR01065,District_4,0,53,6.7,0,7.7
SUR01066,District_4,0,57,5.8,0,5.2
SUR01067,District_4,0,46,6.3,1,3.9
SUR01068,District_4,0,69,4.2,1,4.6
SUR01069,District_4,0,59,5.9,0,2.8
SUR01070,District_4,0,39,3.5,0,6.5
SUR01071,District_4,0,56,4.0,0,7.0
SUR01072,District_4,0,64,6.5,1,2.9
SUR01073,District_4,0,51,6.2,1,5.1
SUR01074,District_4,0,34,6.4,1,3.4
SUR01075,District_4,0,21,3.5,0,5.2
SUR01076,District_4,0,58,5.9,0,3.6
SUR01077,District_4,0,32,3.3,1,2.8
SUR01078,District_4,0,36,4.9,0,4.6
SUR01079,District_4,0,36,6.0,0,1.7
SUR01080,District_4,0,33,5.3,0,4.1
SUR01081,District_4,0,43,6.6,1,3.8
SUR01082,District_4,0,49,2.5,0,5.3
SUR01083,District_4,0,37,4.1,0,4.6
SUR01084,District_4,0,35,2.8,0,4.2
SUR01085,District_4,0,43,4.2,0,5.8
SUR01086,District_4,0,45,4.8,0,5.6
SUR01087,District_4,0,52,4.8,0,5.7
SUR01088,District_4,0,51,6.1,1,2.3
SUR01089,District_4,0,30,6.2,0,5.4
SUR01090,District_4,0,61,4.0,0,7.0
SUR01091,District_4,0,27,5.5,0,1.2
SUR01092,District_4,0,52,7.3,1,2.0
SUR01093,District_4,0,46,7.2,1,7.5
SUR01094,District_4,0,73,4.8,1,5.0
SUR01095,District_4,0,41,5.6,0,3.1
SUR01096,District_4,0,49,4.8,0,2.0
SUR01097,District_4,0,49,1.3,1,3.0
SUR01098,District_4,0,57,2.9,1,1.0
SUR01099,District_4,0,66,4.0,0,4.8
SUR01100,District_4,0,52,4.1,1,5.8
SUR01101,District_4,0,83,4.2,0,6.7
SUR01102,District_4,0,44,3.7,0,1.0
SUR01103,District_4,0,66,4.7,0,5.2
SUR01104,District_4,0,52,4.4,1,4.3
SUR01105,District_4,0,50,3.7,0,5.5
SUR01106,District_4,0,30,3.8,0,1.0
SUR01107,District_4,0,57,3.8,0,4.1
SUR01108,District_4,0,45,6.5,0,2.2
SUR01109,District_4,0,48,5.6,1,2.2
SUR01110,District_4,0,48,4.2,0,7.5
SUR01111,District_4,0,56,5.9,0,7.2
SUR01112,District_4,0,66,4.1,0,4.5
SUR01113,District_4,0,45,4.5,0,1.0
SUR01114,District_4,0,43,4.4,0,3.0
SUR01115,District_4,0,52,6.5,0,7.5
SUR01116,District_4,0,32,5.2,0,3.8
SUR01117,District_4,0,35,4.2,0,2.1
SUR01118,District_4,0,56,6.8,0,4.4
SUR01119,District_4,0,39,4.5,0,4.0
SUR01120,District_4,0,60,3.2,1,2.2
SUR01121,District_4,0,46,3.8,1,3.0
SUR01122,District_4,0,43,2.4,0,1.7
SUR01123,District_4,0,65,3.7,0,8.6
SUR01124,District_4,0,38,4.1,1,2.7
SUR01125,District_4,0,48,3.1,0,3.3
SUR01126,District_4,0,39,3.7,0,3.6
SUR01127,District_4,0,48,3.2,0,5.5
SUR01128,District_4,0,58,6.2,0,1.0
SUR01129,District_4,0,50,2.4,1,4.1
SUR01130,District_4,0,47,2.9,0,4.4
SUR01131,District_4,0,46,4.9,0,5.0
SUR01132,District_4,0,52,2.4,1,4.5
SUR01133,District_4,0,55,5.0,0,2.3
SUR01134,District_4,0,54,3.0,0,4.0
SUR01135,District_4,0,51,5.5,1,5.2
SUR01136,District_4,0,39,3.9,0,4.3
SUR01137,District_4,0,46,4.1,0,4.1
SUR01138,District_4,0,41,5.8,0,6.8
SUR01139,District_4,0,54,4.9,0,5.7
SUR01140,District_4,0,44,2.3,0,3.0
SUR01141,District_4,0,44,4.9,0,3.7
SUR01142,District_4,0,70,4.4,0,4.9
SUR01143,District_4,0,47,4.3,1,2.2
SUR01144,District_4,0,21,4.1,1,4.2
SUR01145,District_4,0,73,3.4,0,5.0
SUR01146,District_4,0,48,5.1,1,2.3
SUR01147,District_4,0,43,3.8,0,5.7
SUR01148,District_4,0,43,7.5,0,5.7
SUR01149,District_4,0,43,7.4,1,1.0
SUR01150,District_4,0,66,4.7,0,5.1
SUR01151,District_4,0,39,6.0,1,6.9
SUR01152,District_4,0,39,4.4,0,4.2
SUR01153,District_4,0,45,4.1,0,1.9
SUR01154,District_4,0,25,4.8,0,5.3
SUR01155,District_4,0,42,3.4,0,3.2
SUR01156,District_4,0,63,3.5,0,5.2
SUR01157,District_4,0,53,7.8,0,5.4
SUR01158,District_4,0,56,4.7,0,2.1
SUR01159,District_4,0,39,5.6,0,4.6
SUR01160,District_4,0,24,5.9,0,2.4
SUR01161,District_4,0,58,3.5,0,1.9
SUR01162,District_4,0,34,2.7,0,5.6
SUR01163,District_4,0,25,7.2,1,4.4
SUR01164,District_4,0,37,5.1,1,1.0
SUR01165,District_4,0,38,4.8,0,5.4
SUR01166,District_4,0,31,5.4,0,2.1
SUR01167,District_4,0,48,5.4,1,4.2
SUR01168,District_4,0,80,6.3,1,3.5
SUR01169,District_4,0,47,6.1,0,5.9
SUR01170,District_4,0,39,4.8,0,5.1
SUR01171,District_4,0,49,4.8,0,4.7
SUR01172,District_4,0,62,6.8,1,5.2
SUR01173,District_4,0,16,2.5,1,4.0
SUR01174,District_4,0,42,4.9,0,5.7
SUR01175,District_4,0,52,3.0,1,4.7
SUR01176,District_4,0,53,2.3,1,5.9
SUR01177,District_4,0,41,3.7,1,6.8
SUR01178,District_4,0,28,3.1,0,6.2
SUR01179,District_4,0,51,5.7,0,4.3
SUR01180,District_4,0,37,1.9,0,7.1
SUR01181,District_4,0,8,6.6,0,2.9
SUR01182,District_4,0,50,4.2,0,4.1
SUR01183,District_4,0,52,6.0,0,5.2
SUR01184,District_4,0,45,3.8,1,3.7
SUR01185,District_4,0,73,3.7,0,5.8
SUR01186,District_4,0,55,4.2,0,4.3
SUR01187,District_4,0,50,4.2,0,1.2
SUR01188,District_4,0,70,4.3,0,1.9
SUR01189,District_4,0,76,3.6,0,5.8
SUR01190,District_4,0,61,4.6,0,2.5
SUR01191,District_4,0,41,5.1,1,4.3
SUR01192,District_4,0,54,5.5,0,3.4
SUR01193,District_4,0,60,6.6,1,5.1
SUR01194,District_4,0,12,5.0,0,4.1
SUR01195,District_4,0,30,5.7,1,2.6
SUR01196,District_4,0,56,6.9,0,1.5
SUR01197,District_4,0,46,3.6,1,5.7
SUR01198,District_4,0,56,5.7,0,3.8
SUR01199,District_4,0,58,3.7,0,1.6
SUR01200,District_4,0,35,3.8,0,4.6
SUR01201,District_4,0,45,4.9,1,4.8
SUR01202,District_4,0,50,1.0,0,3.5
SUR01203,District_4,0,61,4.4,0,4.0
SUR01204,District_4,0,61,3.6,0,6.1
SUR01205,District_4,0,24,2.6,0,4.3
SUR01206,District_4,0,16,5.8,0,1.5
SUR01207,District_4,0,39,3.7,1,4.3
SUR01208,District_4,0,65,5.6,0,6.0
SUR01209,District_4,0,40,5.9,0,1.8
SUR01210,District_4,0,80,6.1,1,5.5
SUR01211,District_4,0,28,8.3,0,4.0
SUR01212,District_4,0,33,3.9,0,1.5
SUR01213,District_4,0,38,3.0,0,5.8
SUR01214,District_4,0,34,8.0,1,2.8
SUR01215,District_4,0,35,4.4,0,4.2
SUR01216,District_4,0,52,4.5,0,4.7
SUR01217,District_4,0,48,6.1,0,4.4
SUR01218,District_4,0,33,4.7,0,2.8
SUR01219,District_4,0,49,4.5,1,6.3
SUR01220,District_4,0,38,6.1,0,2.6
SUR01221,District_4,0,59,2.9,0,3.5
SUR01222,District_4,0,52,3.0,1,5.7
SUR01223,District_4,0,56,4.8,0,3.9
SUR01224,District_4,0,49,1.9,0,3.5
SUR01225,District_4,0,46,2.2,1,3.6
SUR01226,District_4,0,51,7.3,1,1.0
SUR01227,District_4,0,88,2.4,1,5.9
SUR01228,District_4,0,40,4.0,0,2.0
SUR01229,District_4,0,58,6.0,0,4.1
SUR01230,District_4,0,58,6.2,0,1.0
SUR01231,District_4,0,83,5.4,0,4.3
SUR01232,District_4,0,66,4.0,0,1.8
SUR01233,District_4,0,21,3.5,1,1.0
SUR01234,District_4,0,43,4.3,0,2.3
SUR01235,District_4,0,16,5.2,0,1.1
SUR01236,District_4,0,53,2.7,0,3.8
SUR01237,District_4,0,52,5.7,0,4.2
SUR01238,District_4,0,43,4.8,1,3.8
SUR01239,District_4,0,52,3.8,0,2.8
SUR01240,District_4,0,59,5.7,0,5.6
SUR01241,District_4,0,40,6.8,1,3.6
SUR01242,District_4,0,32,5.0,1,6.1
SUR01243,District_4,0,39,4.9,1,1.0
SUR01244,District_4,0,55,4.2,0,4.4
SUR01245,District_4,0,48,2.3,0,4.4
SUR01246,District_4,0,61,3.5,1,2.6
SUR01247,District_4,0,28,4.7,0,6.0
SUR01248,District_4,0,61,2.7,1,3.9
SUR01249,District_4,0,67,3.8,0,4.2
SUR01250,District_4,0,77,3.1,0,4.7
SUR01251,District_4,0,52,4.9,1,7.3
SUR01252,District_4,0,50,5.7,0,3.3
SUR01253,District_4,0,60,5.8,1,4.3
SUR01254,District_4,0,47,6.9,0,6.1
SUR01255,District_4,0,36,2.9,1,3.7
SUR01256,District_4,0,26,6.1,0,5.9
SUR01257,District_4,0,37,5.2,0,4.0
SUR01258,District_4,0,70,5.4,1,4.6
SUR01259,District_4,0,53,7.0,0,3.7
SUR01260,District_4,0,27,2.2,0,3.4
SUR01261,District_4,0,49,4.6,0,4.0
SUR01262,District_4,0,56,4.1,1,2.5
SUR01263,District_4,0,62,3.3,0,2.6
SUR01264,District_4,0,36,4.5,0,3.7
SUR01265,District_4,0,46,5.4,0,4.1
SUR01266,District_4,0,23,4.8,0,5.1
SUR01267,District_4,0,56,2.2,0,3.3
SUR01268,District_4,0,14,4.4,0,6.7
SUR01269,District_4,0,44,3.0,0,1.8
SUR01270,District_4,0,39,3.5,0,2.5
SUR01271,District_4,0,74,3.4,0,4.7
SUR01272,District_4,0,68,7.4,0,6.3
SUR01273,District_4,0,34,4.1,1,2.7
SUR01274,District_4,0,44,4.1,0,6.7
SUR01275,District_4,0,18,4.8,0,5.4
SUR01276,District_4,0,33,3.8,0,4.9
SUR01277,District_4,0,32,6.3,0,4.9
SUR01278,District_4,0,53,5.7,1,4.8
SUR01279,District_4,0,57,5.4,0,3.2
SUR01280,District_4,0,32,4.7,0,3.1
SUR01281,District_4,0,68,5.7,1,3.1
SUR01282,District_4,0,77,4.6,0,3.2
SUR01283,District_4,0,38,6.0,0,5.2
SUR01284,District_4,0,37,5.2,0,6.2
SUR01285,District_4,0,62,3.9,0,2.2
SUR01286,District_4,0,45,4.7,0,2.4
SUR01287,District_4,0,48,5.9,1,6.5
SUR01288,District_4,0,50,5.0,1,3.9
SUR01289,District_4,0,55,3.5,0,5.2
SUR01290,District_4,0,85,7.8,0,3.3
SUR01291,District_4,0,42,4.1,0,7.4
SUR01292,District_4,0,55,4.9,0,4.2
SUR01293,District_4,0,28,4.7,0,5.5
SUR01294,District_4,0,19,7.9,0,5.7
SUR01295,District_4,0,64,4.6,1,1.1
SUR01296,District_4,0,40,6.1,1,1.0
SUR01297,District_4,0,58,6.1,0,3.0
SUR01298,District_4,0,56,3.0,0,4.1
SUR01299,District_4,0,59,7.2,0,4.0
SUR01300,District_4,0,40,5.1,1,5.9
SUR01301,District_4,0,57,4.8,0,2.3
SUR01302,District_4,0,73,5.3,0,2.2
SUR01303,District_4,0,50,8.0,0,2.4
SUR01304,District_4,0,64,4.8,0,6.1
SUR01305,District_4,0,42,5.1,1,5.4
SUR01306,District_4,0,45,6.0,0,1.7
SUR01307,District_4,0,68,5.2,0,5.4
SUR01308,District_4,0,40,6.5,0,3.1
SUR01309,District_4,0,42,5.5,1,1.6
SUR01310,District_4,0,40,6.5,0,4.0
SUR01311,District_4,0,35,5.8,0,3.9
SUR01312,District_4,0,57,5.1,0,5.4
SUR01313,District_4,0,46,6.4,0,3.9
SUR01314,District_4,0,53,6.0,1,6.1
SUR01315,District_4,0,34,4.6,0,6.3
SUR01316,District_4,0,39,3.8,0,3.1
SUR01317,District_4,0,58,5.1,0,3.7
SUR01318,District_4,0,40,6.6,0,5.8
SUR01319,District_4,0,58,3.3,0,4.1
SUR01320,District_4,0,46,4.6,0,5.9
SUR01321,District_4,0,53,4.7,0,5.9
SUR01322,District_4,0,82,6.4,1,1.1
SUR01323,District_4,0,61,3.2,1,5.1
SUR01324,District_4,0,69,6.4,0,4.8
SUR01325,District_4,0,33,3.8,0,4.9
SUR01326,District_4,0,55,4.9,0,4.7
SUR01327,District_4,0,71,6.1,0,4.7
SUR01328,District_4,0,57,7.1,1,7.4
SUR01329,District_4,0,46,6.6,0,4.8
SUR01330,District_4,0,45,4.0,0,3.3
SUR01331,District_4,0,35,3.4,0,3.4
SUR01332,District_4,0,43,7.7,0,3.7
SUR01333,District_4,0,38,2.9,0,6.4
SUR01334,District_4,0,38,7.4,1,2.2
SUR01335,District_4,0,57,6.3,0,6.9
SUR01336,District_4,0,42,6.1,1,4.5
SUR01337,District_4,0,57,5.9,0,1.0
SUR01338,District_4,0,49,3.5,1,6.5
SUR01339,District_4,0,80,4.3,0,5.6
SUR01340,District_4,0,45,7.6,0,3.5
SUR01341,District_4,0,57,3.0,0,4.5
SUR01342,District_4,0,38,7.1,0,5.8
SUR01343,District_4,0,43,7.5,0,6.3
SUR01344,District_4,0,47,3.5,1,3.9
SUR01345,District_4,0,52,6.3,0,6.6
SUR01346,District_4,0,47,7.6,0,3.9
SUR01347,District_4,0,36,7.8,1,6.3
SUR01348,District_4,0,61,1.7,0,1.3
SUR01349,District_4,0,55,6.4,0,6.9
SUR01350,District_4,0,63,5.3,0,1.0
SUR01351,District_4,0,48,6.9,1,2.8
SUR01352,District_4,0,68,5.6,0,6.0
SUR01353,District_4,0,46,5.0,1,4.4
SUR01354,District_4,0,26,8.1,0,5.5
SUR01355,District_4,0,50,5.2,0,2.1
SUR01356,District_4,0,15,7.8,1,2.7
SUR01357,District_4,0,51,6.0,0,3.7
SUR01358,District_4,0,52,3.3,1,1.4
SUR01359,District_4,0,17,5.6,0,6.2
SUR01360,District_4,0,19,7.3,0,4.1
SUR01361,District_4,0,33,3.5,0,2.2
SUR01362,District_4,0,47,5.3,1,4.1
SUR01363,District_4,0,28,1.0,1,4.2
SUR01364,District_4,0,67,3.5,0,5.1
SUR01365,District_4,0,31,2.9,0,4.0
SUR01366,District_4,0,61,3.1,0,2.8
SUR01367,District_4,0,17,6.7,1,3.8
SUR01368,District_4,0,69,4.2,0,8.0
SUR01369,District_4,0,60,4.1,1,4.8
SUR01370,District_4,0,23,3.7,0,2.5
SUR01371,District_4,0,49,5.8,0,6.0
SUR01372,District_4,0,56,7.4,0,8.4
SUR01373,District_4,0,70,5.8,0,5.2
SUR01374,District_4,0,25,6.0,0,4.1
SUR01375,District_4,0,73,6.5,0,1.5
SUR01376,District_4,0,44,5.1,0,4.0
SUR01377,District_4,0,82,2.3,1,2.0
SUR01378,District_4,0,73,6.6,0,4.7
SUR01379,District_4,0,1,4.4,0,1.0
SUR01380,District_4,0,58,2.1,1,5.2
SUR01381,District_4,0,45,5.6,0,1.0
SUR01382,District_4,0,62,7.9,1,4.4
SUR01383,District_4,0,57,6.8,0,7.0
SUR01384,District_4,0,53,2.6,0,2.5
SUR01385,District_4,0,59,4.7,0,3.0
SUR01386,District_4,0,33,3.8,0,4.9
SUR01387,District_4,0,20,2.9,1,3.2
SUR01388,District_4,0,57,4.6,0,6.3
SUR01389,District_4,0,52,4.6,0,3.7
SUR01390,District_4,0,66,3.1,1,5.9
SUR01391,District_4,0,57,4.2,0,5.1
SUR01392,District_4,0,41,4.4,0,4.3
SUR01393,District_4,0,53,3.3,1,4.5
SUR01394,District_4,0,69,2.1,0,4.8
SUR01395,District_4,0,51,3.6,1,3.5
SUR01396,District_4,0,17,2.3,1,6.3
SUR01397,District_4,0,70,5.3,1,1.9
SUR01398,District_4,0,32,4.8,0,7.1
SUR01399,District_4,0,39,6.7,0,1.9
SUR01400,District_4,0,32,1.3,0,6.1
SUR01401,District_4,0,51,6.8,0,7.7
SUR01402,District_4,0,42,2.9,0,7.3
SUR01403,District_4,0,58,4.7,0,1.0
SUR01404,District_4,0,61,4.3,0,4.3
SUR01405,District_4,0,24,2.8,0,4.2
SUR01406,District_4,0,15,5.2,0,7.1
SUR01407,District_4,0,39,4.9,0,1.7
SUR01408,District_4,0,62,7.7,1,4.1
SUR01409,District_4,0,53,5.0,0,2.5
SUR01410,District_4,0,59,4.3,1,4.6
SUR01411,District_4,0,29,3.7,0,3.2
SUR01412,District_4,0,29,3.8,1,4.5
SUR01413,District_4,0,59,1.5,1,3.5
SUR01414,District_4,0,31,3.9,0,1.6
SUR01415,District_4,0,53,5.5,0,6.0
SUR01416,District_4,0,24,3.6,0,1.0
SUR01417,District_4,0,45,6.3,0,4.5
SUR01418,District_4,0,37,4.8,0,3.6
SUR01419,District_4,0,57,5.9,0,5.4
SUR01420,District_4,0,23,4.3,0,8.1
SUR01421,District_4,0,62,3.6,1,1.0
SUR01422,District_4,0,50,6.7,0,3.1
SUR01423,District_4,0,61,4.7,0,3.8
SUR01424,District_4,0,36,6.5,1,2.8
SUR01425,District_4,0,60,4.2,1,5.5
SUR01426,District_4,0,39,1.0,1,4.1
SUR01427,District_4,0,69,7.4,0,2.9
SUR01428,District_4,0,23,3.4,0,2.4
SUR01429,District_4,0,24,2.7,1,1.0
SUR01430,District_4,0,47,6.0,1,5.3
SUR01431,District_4,0,50,2.0,0,3.1
SUR01432,District_4,0,51,6.3,0,7.6
SUR01433,District_4,0,57,4.9,1,6.4
SUR01434,District_4,0,27,5.2,1,3.7
SUR01435,District_4,0,74,5.5,0,4.0
SUR01436,District_4,0,46,3.1,0,2.6
SUR01437,District_4,0,59,3.2,0,3.9
SUR01438,District_4,0,49,6.2,0,3.4
SUR01439,District_4,0,62,3.8,0,4.0
SUR01440,District_4,0,100,4.4,0,5.7
SUR01441,District_4,0,33,5.0,0,7.7
SUR01442,District_5,1,61,9.4,1,8.3
SUR01443,District_5,1,49,8.5,0,4.7
SUR01444,District_5,1,66,6.4,0,5.5
SUR01445,District_5,1,71,6.6,1,6.4
SUR01446,District_5,1,77,8.8,0,8.2
SUR01447,District_5,1,84,7.4,0,8.5
SUR01448,District_5,1,51,7.1,1,7.5
SUR01449,District_5,1,74,6.8,0,7.1
SUR01450,District_5,1,94,5.9,0,6.6
SUR01451,District_5,1,74,5.8,0,8.2
SUR01452,District_5,1,55,6.4,0,7.5
SUR01453,District_5,1,50,6.4,0,7.9
SUR01454,District_5,1,67,7.8,0,7.0
SUR01455,District_5,1,90,6.6,1,4.3
SUR01456,District_5,1,68,7.0,0,4.5
SUR01457,District_5,1,60,6.4,0,7.4
SUR01458,District_5,1,55,6.6,0,5.7
SUR01459,District_5,1,96,7.4,0,7.4
SUR01460,District_5,1,43,3.5,0,5.8
SUR01461,District_5,1,65,8.7,0,5.1
SUR01462,District_5,1,55,6.8,0,7.8
SUR01463,District_5,1,68,5.7,1,4.2
SUR01464,District_5,1,68,5.5,0,7.6
SUR01465,District_5,1,81,7.1,0,5.9
SUR01466,District_5,1,51,3.2,1,5.2
SUR01467,District_5,1,70,8.6,0,5.8
SUR01468,District_5,1,48,5.9,1,6.8
SUR01469,District_5,1,47,8.7,0,9.7
SUR01470,District_5,1,66,7.8,1,7.4
SUR01471,District_5,1,76,6.9,0,8.5
SUR01472,District_5,1,79,8.0,0,7.8
SUR01473,District_5,1,77,6.2,0,6.9
SUR01474,District_5,1,69,6.6,0,5.8
SUR01475,District_5,1,74,9.4,0,5.8
SUR01476,District_5,1,64,7.8,0,6.2
SUR01477,District_5,1,58,8.1,0,8.4
SUR01478,District_5,1,58,7.0,0,10.0
SUR01479,District_5,1,67,5.8,0,5.9
SUR01480,District_5,1,60,6.8,0,6.9
SUR01481,District_5,1,92,5.5,1,6.7
SUR01482,District_5,1,62,5.1,0,5.8
SUR01483,District_5,1,45,7.1,0,3.0
SUR01484,District_5,1,79,6.0,0,9.1
SUR01485,District_5,1,79,7.6,0,7.5
SUR01486,District_5,1,71,6.2,0,7.6
SUR01487,District_5,1,70,4.7,1,5.6
SUR01488,District_5,1,67,7.9,0,7.7
SUR01489,District_5,1,66,7.8,0,4.5
SUR01490,District_5,1,67,7.7,0,7.1
SUR01491,District_5,1,70,6.5,0,4.7
SUR01492,District_5,1,67,8.5,0,4.8
SUR01493,District_5,1,46,6.8,0,6.4
SUR01494,District_5,1,56,7.1,0,6.0
SUR01495,District_5,1,72,7.7,0,9.4
SUR01496,District_5,1,55,5.4,0,3.4
SUR01497,District_5,1,58,7.0,1,7.5
SUR01498,District_5,1,79,6.9,1,8.4
SUR01499,District_5,1,48,7.7,0,5.3
SUR01500,District_5,1,56,7.5,0,6.0
SUR01501,District_5,1,77,8.6,0,7.8
SUR01502,District_5,1,59,9.0,0,4.9
SUR01503,District_5,1,68,6.6,0,6.5
SUR01504,District_5,1,35,4.5,0,6.3
SUR01505,District_5,1,82,4.3,1,7.2
SUR01506,District_5,1,82,8.4,0,6.8
SUR01507,District_5,1,69,5.7,0,6.3
SUR01508,District_5,1,55,6.6,0,6.4
SUR01509,District_5,1,90,8.3,0,5.7
SUR01510,District_5,1,99,7.3,0,7.9
SUR01511,District_5,1,91,9.9,0,6.9
SUR01512,District_5,1,81,8.2,0,6.7
SUR01513,District_5,1,71,6.3,0,9.3
SUR01514,District_5,1,65,6.2,0,8.0
SUR01515,District_5,1,87,8.2,1,5.6
SUR01516,District_5,1,68,6.6,0,10.0
SUR01517,District_5,1,31,7.9,0,5.8
SUR01518,District_5,1,70,9.3,0,10.0
SUR01519,District_5,1,67,5.4,0,1.0
SUR01520,District_5,1,61,5.7,0,5.6
SUR01521,District_5,1,81,5.1,0,6.3
SUR01522,District_5,1,61,5.2,1,6.2
SUR01523,District_5,1,72,6.0,0,6.0
SUR01524,District_5,1,38,6.6,0,7.4
SUR01525,District_5,1,56,6.4,0,5.6
SUR01526,District_5,1,66,7.2,0,6.7
SUR01527,District_5,1,43,6.6,0,7.1
SUR01528,District_5,1,57,8.2,0,10.0
SUR01529,District_5,1,79,10.0,0,9.4
SUR01530,District_5,1,64,6.8,0,7.6
SUR01531,District_5,1,88,6.4,0,9.2
SUR01532,District_5,1,74,5.9,0,2.6
SUR01533,District_5,1,53,4.9,0,3.9
SUR01534,District_5,1,87,6.2,0,6.1
SUR01535,District_5,1,78,7.2,0,4.6
SUR01536,District_5,1,73,6.9,0,7.5
SUR01537,District_5,1,83,9.2,0,8.1
SUR01538,District_5,1,57,7.6,1,6.1
SUR01539,District_5,1,73,8.6,1,5.1
SUR01540,District_5,1,60,6.5,0,9.0
SUR01541,District_5,1,79,5.0,0,3.2
SUR01542,District_5,1,54,8.0,1,6.0
SUR01543,District_5,1,72,8.1,0,4.7
SUR01544,District_5,1,84,5.7,0,6.4
SUR01545,District_5,1,66,4.5,0,5.9
SUR01546,District_5,1,87,4.8,0,6.2
SUR01547,District_5,1,62,8.3,0,7.0
SUR01548,District_5,1,54,7.1,1,10.0
SUR01549,District_5,1,73,6.8,0,8.5
SUR01550,District_5,1,68,7.9,0,6.0
SUR01551,District_5,1,85,6.7,0,5.6
SUR01552,District_5,1,59,4.8,0,7.3
SUR01553,District_5,1,82,6.2,1,3.8
SUR01554,District_5,1,71,10.0,0,2.7
SUR01555,District_5,1,82,8.6,1,6.8
SUR01556,District_5,1,60,7.5,0,6.3
SUR01557,District_5,1,65,6.1,0,9.1
SUR01558,District_5,1,71,7.6,0,6.2
SUR01559,District_5,1,85,8.4,1,8.0
SUR01560,District_5,1,76,7.5,0,7.4
SUR01561,District_5,1,51,7.0,0,6.5
SUR01562,District_5,1,59,6.5,0,4.5
SUR01563,District_5,1,68,8.5,0,6.4
SUR01564,District_5,1,60,7.0,0,4.4
SUR01565,District_5,1,92,6.7,0,5.2
SUR01566,District_5,1,61,6.8,0,4.2
SUR01567,District_5,1,55,6.2,0,8.7
SUR01568,District_5,1,63,7.3,0,6.3
SUR01569,District_5,1,78,4.7,1,4.7
SUR01570,District_5,1,66,6.2,0,4.3
SUR01571,District_5,1,90,6.0,1,8.3
SUR01572,District_5,1,52,7.9,1,7.9
SUR01573,District_5,1,67,7.5,0,4.2
SUR01574,District_5,1,100,10.0,1,7.5
SUR01575,District_5,1,77,6.7,0,5.4
SUR01576,District_5,1,60,8.0,0,7.9
SUR01577,District_5,1,48,4.4,0,3.7
SUR01578,District_5,1,58,7.0,0,6.5
SUR01579,District_5,1,70,6.2,0,7.1
SUR01580,District_5,1,85,5.4,0,9.3
SUR01581,District_5,1,56,7.3,0,5.2
SUR01582,District_5,1,55,9.3,0,4.7
SUR01583,District_5,1,68,7.5,0,4.3
SUR01584,District_5,1,93,5.1,0,4.9
SUR01585,District_5,1,85,4.4,0,8.8
SUR01586,District_5,1,46,7.2,0,4.7
SUR01587,District_5,1,68,6.2,0,7.0
SUR01588,District_5,1,76,5.3,0,6.9
SUR01589,District_5,1,69,7.8,0,4.4
SUR01590,District_5,1,55,8.7,1,7.4
SUR01591,District_5,1,82,4.9,0,8.1
SUR01592,District_5,1,79,8.3,0,5.5
SUR01593,District_5,1,88,6.1,0,6.1
SUR01594,District_5,1,72,6.9,0,5.8
SUR01595,District_5,1,64,8.4,0,4.4
SUR01596,District_5,1,76,5.9,1,7.2
SUR01597,District_5,1,60,6.9,1,6.4
SUR01598,District_5,1,81,5.7,1,6.8
SUR01599,District_5,1,92,7.4,0,2.6
SUR01600,District_5,1,56,7.6,0,7.1
SUR01601,District_5,1,60,5.1,0,8.8
SUR01602,District_5,1,91,5.9,1,5.4
SUR01603,District_5,1,81,8.8,0,4.9
SUR01604,District_5,1,70,7.8,1,7.8
SUR01605,District_5,1,51,7.2,0,4.2
SUR01606,District_5,1,67,8.3,1,2.0
SUR01607,District_5,1,66,6.0,0,6.8
SUR01608,District_5,1,63,6.5,1,5.4
SUR01609,District_5,1,72,5.8,0,7.6
SUR01610,District_5,1,46,5.0,0,6.6
SUR01611,District_5,1,72,6.0,0,7.7
SUR01612,District_5,1,74,6.9,0,6.7
SUR01613,District_5,1,64,7.7,1,8.0
SUR01614,District_5,1,86,8.6,0,10.0
SUR01615,District_5,1,60,7.1,1,5.7
SUR01616,District_5,1,76,7.8,1,6.1
SUR01617,District_5,1,87,8.2,0,4.5
SUR01618,District_5,1,78,8.2,0,6.0
SUR01619,District_5,1,52,6.2,0,6.5
SUR01620,District_5,1,93,6.1,0,5.8
SUR01621,District_5,1,69,7.0,0,6.6
SUR01622,District_5,1,82,9.7,0,6.7
SUR01623,District_5,1,73,8.2,0,6.9
SUR01624,District_5,1,86,6.5,1,5.7
SUR01625,District_5,1,82,7.0,0,3.6
SUR01626,District_5,1,66,7.4,1,7.7
SUR01627,District_5,1,66,5.4,0,5.9
SUR01628,District_5,1,77,6.0,0,7.9
SUR01629,District_5,1,65,7.6,0,5.8
SUR01630,District_5,1,82,7.9,0,4.0
SUR01631,District_5,1,89,6.8,0,5.9
SUR01632,District_5,1,75,6.4,0,3.1
SUR01633,District_5,1,65,7.5,0,4.7
SUR01634,District_5,1,81,5.7,0,5.9
SUR01635,District_5,1,86,5.8,0,4.3
SUR01636,District_5,1,66,10.0,0,6.1
SUR01637,District_5,1,59,6.0,1,4.8
SUR01638,District_5,1,56,8.1,0,7.5
SUR01639,District_5,1,58,6.5,0,2.9
SUR01640,District_5,1,73,7.8,1,6.9
SUR01641,District_5,1,82,8.2,0,6.2
SUR01642,District_5,1,52,5.0,0,5.2
SUR01643,District_5,1,80,6.9,0,6.1
SUR01644,District_5,1,82,5.4,0,7.1
SUR01645,District_5,1,92,5.8,0,2.1
SUR01646,District_5,1,65,8.8,0,7.6
SUR01647,District_5,1,91,6.0,0,9.4
SUR01648,District_5,1,73,6.1,0,4.0
SUR01649,District_5,1,66,7.8,0,9.7
SUR01650,District_5,1,60,10.0,0,8.1
SUR01651,District_5,1,68,6.4,0,5.1
SUR01652,District_5,1,56,6.0,0,6.7
SUR01653,District_5,1,66,6.8,0,5.4
SUR01654,District_5,1,62,7.9,0,6.7
SUR01655,District_5,1,47,8.3,1,9.5
SUR01656,District_5,1,76,5.3,0,7.5
SUR01657,District_5,1,75,9.3,1,5.9
SUR01658,District_5,1,65,7.7,0,7.2
SUR01659,District_5,1,76,6.0,0,4.0
SUR01660,District_5,1,76,6.7,0,9.4
SUR01661,District_5,1,53,7.6,0,6.1
SUR01662,District_5,1,74,7.0,0,6.1
SUR01663,District_5,1,74,6.8,0,6.9
SUR01664,District_5,1,66,9.7,0,5.6
SUR01665,District_5,1,47,7.7,0,5.0
SUR01666,District_5,1,100,6.4,0,7.1
SUR01667,District_5,1,64,6.5,1,5.9
SUR01668,District_5,1,63,9.2,0,4.4
SUR01669,District_5,1,73,7.5,0,8.3
SUR01670,District_5,1,65,5.6,1,2.0
SUR01671,District_5,1,60,6.7,0,4.3
SUR01672,District_5,1,85,7.0,0,7.9
SUR01673,District_5,1,51,5.7,0,6.0
SUR01674,District_5,1,58,9.1,0,8.7
SUR01675,District_5,1,61,5.4,0,8.5
SUR01676,District_5,1,75,9.1,0,8.2
SUR01677,District_5,1,88,5.5,0,9.2
SUR01678,District_5,1,55,7.4,0,6.0
SUR01679,District_5,1,70,8.6,0,6.3
SUR01680,District_5,1,47,6.8,1,6.6
SUR01681,District_5,1,59,5.9,0,8.3
SUR01682,District_5,1,68,7.2,0,5.5
SUR01683,District_5,1,73,7.5,0,8.1
SUR01684,District_5,1,40,8.8,0,6.6
SUR01685,District_5,1,53,5.4,0,8.3
SUR01686,District_5,1,77,5.8,0,8.1
SUR01687,District_5,1,79,9.7,1,6.2
SUR01688,District_5,1,61,7.3,0,9.5
SUR01689,District_5,1,63,7.5,0,8.2
SUR01690,District_5,1,61,8.0,1,3.3
SUR01691,District_5,1,87,7.2,0,2.8
SUR01692,District_5,1,79,8.6,0,4.7
SUR01693,District_5,1,90,7.9,0,6.5
SUR01694,District_5,1,87,7.1,0,8.5
SUR01695,District_5,1,69,5.1,1,5.9
SUR01696,District_5,1,67,8.3,1,5.9
SUR01697,District_5,1,72,9.4,0,7.0
SUR01698,District_5,1,69,8.6,0,9.2
SUR01699,District_5,1,78,4.1,1,7.2
SUR01700,District_5,1,76,8.6,0,6.1
SUR01701,District_5,1,84,7.9,0,4.5
SUR01702,District_5,1,60,7.1,0,4.2
SUR01703,District_5,1,75,5.3,1,3.8
SUR01704,District_5,1,64,6.0,0,7.4
SUR01705,District_5,1,83,7.6,0,7.1
SUR01706,District_5,1,44,6.4,1,7.6
SUR01707,District_5,1,79,9.7,0,8.1
SUR01708,District_5,1,57,4.9,0,6.8
SUR01709,District_5,1,69,6.9,0,4.8
SUR01710,District_5,1,72,4.9,1,5.3
SUR01711,District_5,1,60,4.9,0,6.7
SUR01712,District_5,1,64,5.5,0,5.8
SUR01713,District_5,1,73,4.7,0,3.2
SUR01714,District_5,1,67,7.7,0,5.2
SUR01715,District_5,1,74,6.0,1,9.0
SUR01716,District_5,1,83,5.6,0,6.9
SUR01717,District_5,1,67,7.0,0,6.7
SUR01718,District_5,1,82,6.7,1,5.0
SUR01719,District_5,1,57,6.7,0,3.9
SUR01720,District_5,1,97,6.5,0,6.6
SUR01721,District_5,1,53,7.5,0,7.2
SUR01722,District_5,1,60,7.8,0,3.9
SUR01723,District_5,1,84,5.7,0,8.0
SUR01724,District_5,1,79,9.1,0,5.6
SUR01725,District_5,1,76,7.0,0,7.1
SUR01726,District_5,1,69,8.5,0,6.6
SUR01727,District_5,1,60,7.1,0,6.3
SUR01728,District_5,1,52,8.1,0,10.0
SUR01729,District_5,1,77,5.0,0,7.5
SUR01730,District_5,1,79,5.5,0,6.6
SUR01731,District_5,1,76,6.2,0,7.6
SUR01732,District_5,1,67,5.3,0,5.8
SUR01733,District_5,1,92,7.4,0,8.0
SUR01734,District_5,1,77,7.0,0,7.0
SUR01735,District_5,1,72,5.7,0,6.2
SUR01736,District_5,1,74,7.7,1,6.0
SUR01737,District_5,1,96,8.0,0,6.2
SUR01738,District_5,1,60,4.3,0,6.5
SUR01739,District_5,1,60,8.3,0,8.7
SUR01740,District_5,1,72,7.8,0,7.3
SUR01741,District_5,1,69,4.9,0,2.7
SUR01742,District_5,1,80,6.1,0,9.5
SUR01743,District_5,1,71,6.1,0,7.5
SUR01744,District_5,1,80,5.7,0,10.0
SUR01745,District_5,1,85,9.0,0,6.4
SUR01746,District_5,1,68,6.3,1,8.6
SUR01747,District_5,1,92,4.0,0,7.9
SUR01748,District_5,1,69,6.6,1,6.8
SUR01749,District_5,1,79,6.2,0,8.9
SUR01750,District_5,1,69,6.1,0,6.2
SUR01751,District_5,1,56,7.4,0,6.7
SUR01752,District_5,1,66,5.2,1,4.6
SUR01753,District_5,1,92,9.3,0,6.1
SUR01754,District_5,1,51,6.8,0,4.9
SUR01755,District_5,1,86,7.0,0,6.6
SUR01756,District_5,1,47,6.4,0,7.6
SUR01757,District_5,1,73,9.0,0,7.2
SUR01758,District_5,1,86,6.1,0,6.9
SUR01759,District_5,1,50,7.3,0,7.8
SUR01760,District_5,1,60,7.5,0,10.0
SUR01761,District_5,1,87,6.7,0,5.7
SUR01762,District_5,1,63,7.7,0,10.0
SUR01763,District_5,1,67,8.1,0,4.0
SUR01764,District_5,1,66,8.0,0,2.3
SUR01765,District_5,1,53,6.9,0,8.7
SUR01766,District_5,1,73,6.7,1,6.7
SUR01767,District_5,1,88,7.2,0,3.7
SUR01768,District_5,1,73,6.5,0,6.6
SUR01769,District_5,1,86,5.6,0,5.8
SUR01770,District_5,1,67,7.2,0,7.2
SUR01771,District_5,1,74,8.9,0,6.1
SUR01772,District_5,1,83,7.7,0,8.8
SUR01773,District_5,1,72,5.3,0,6.8
SUR01774,District_5,1,56,7.1,0,7.0
SUR01775,District_5,1,60,8.2,1,6.2
SUR01776,District_5,1,71,6.8,0,7.8
SUR01777,District_5,1,81,7.2,1,6.3
SUR01778,District_5,1,68,10.0,0,8.3
SUR01779,District_5,1,83,9.4,1,4.0
SUR01780,District_6,0,55,5.4,1,2.7
SUR01781,District_6,0,45,7.7,0,2.1
SUR01782,District_6,0,39,3.8,0,4.1
SUR01783,District_6,0,34,3.9,0,1.9
SUR01784,District_6,0,41,3.4,0,5.7
SUR01785,District_6,0,58,6.5,0,4.6
SUR01786,District_6,0,60,2.4,0,5.4
SUR01787,District_6,0,65,2.7,0,5.3
SUR01788,District_6,0,47,4.4,0,2.2
SUR01789,District_6,0,68,6.7,0,1.0
SUR01790,District_6,0,52,6.5,0,5.7
SUR01791,District_6,0,63,3.7,0,2.9
SUR01792,District_6,0,55,2.5,0,5.5
SUR01793,District_6,0,42,7.8,1,4.0
SUR01794,District_6,0,33,4.5,0,4.6
SUR01795,District_6,0,36,6.5,0,5.9
SUR01796,District_6,0,39,6.5,0,2.8
SUR01797,District_6,0,46,3.8,0,2.9
SUR01798,District_6,0,62,4.7,0,6.6
SUR01799,District_6,0,67,6.5,0,5.9
SUR01800,District_6,0,68,5.0,0,4.9
SUR01801,District_6,0,8,3.2,0,1.8
SUR01802,District_6,0,46,5.2,0,3.8
SUR01803,District_6,0,49,4.6,0,2.3
SUR01804,District_6,0,47,6.7,0,3.1
SUR01805,District_6,0,28,6.4,1,2.7
SUR01806,District_6,0,68,3.8,0,2.3
SUR01807,District_6,0,79,5.5,0,4.2
SUR01808,District_6,0,48,2.7,1,2.6
SUR01809,District_6,0,85,3.9,0,3.4
SUR01810,District_6,0,19,7.6,1,2.7
SUR01811,District_6,0,37,5.4,0,6.6
SUR01812,District_6,0,49,7.3,0,4.6
SUR01813,District_6,0,62,5.8,0,5.1
SUR01814,District_6,0,54,6.2,0,4.0
SUR01815,District_6,0,37,5.4,0,4.1
SUR01816,District_6,0,64,2.4,0,4.6
SUR01817,District_6,0,61,5.9,0,6.9
SUR01818,District_6,0,45,7.1,0,6.2
SUR01819,District_6,0,48,6.5,0,4.4
SUR01820,District_6,0,37,2.4,1,2.5
SUR01821,District_6,0,61,6.5,0,5.4
SUR01822,District_6,0,36,5.1,0,3.3
SUR01823,District_6,0,34,4.7,0,3.4
SUR01824,District_6,0,77,4.8,1,3.9
SUR01825,District_6,0,54,5.4,0,4.5
SUR01826,District_6,0,43,4.1,0,6.0
SUR01827,District_6,0,25,5.3,1,2.4
SUR01828,District_6,0,55,6.2,1,5.2
SUR01829,District_6,0,53,5.8,0,3.7
SUR01830,District_6,0,69,6.1,1,9.7
SUR01831,District_6,0,19,7.4,1,4.0
SUR01832,District_6,0,42,5.3,0,6.1
SUR01833,District_6,0,61,6.2,0,7.3
SUR01834,District_6,0,51,4.6,0,2.4
SUR01835,District_6,0,63,5.8,0,4.2
SUR01836,District_6,0,57,5.8,0,5.1
SUR01837,District_6,0,56,4.0,0,2.6
SUR01838,District_6,0,62,4.6,0,3.5
SUR01839,District_6,0,35,3.8,1,3.7
SUR01840,District_6,0,58,5.5,0,5.6
SUR01841,District_6,0,59,5.2,0,7.1
SUR01842,District_6,0,84,6.9,0,3.9
SUR01843,District_6,0,23,6.4,1,2.5
SUR01844,District_6,0,47,5.7,1,8.1
SUR01845,District_6,0,61,6.4,0,5.2
SUR01846,District_6,0,66,6.1,0,5.6
SUR01847,District_6,0,50,6.7,0,1.2
SUR01848,District_6,0,48,6.8,0,1.3
SUR01849,District_6,0,50,8.2,0,3.5
SUR01850,District_6,0,74,6.6,0,5.3
SUR01851,District_6,0,52,3.8,0,4.3
SUR01852,District_6,0,43,7.3,1,3.1
SUR01853,District_6,0,44,4.5,1,2.2
SUR01854,District_6,0,42,8.1,0,5.7
SUR01855,District_6,0,65,4.9,1,5.1
SUR01856,District_6,0,69,7.7,0,3.0
SUR01857,District_6,0,28,3.9,0,4.1
SUR01858,District_6,0,46,7.6,1,2.7
SUR01859,District_6,0,61,8.0,0,2.7
SUR01860,District_6,0,57,8.3,1,4.6
SUR01861,District_6,0,49,7.6,1,7.9
SUR01862,District_6,0,65,5.9,1,4.7
SUR01863,District_6,0,73,5.6,1,5.3
SUR01864,District_6,0,43,5.9,0,3.7
SUR01865,District_6,0,30,4.0,0,3.8
SUR01866,District_6,0,52,5.2,0,5.3
SUR01867,District_6,0,37,6.9,0,4.6
SUR01868,District_6,0,63,8.0,0,5.2
SUR01869,District_6,0,38,5.0,0,2.1
SUR01870,District_6,0,82,5.1,0,4.0
SUR01871,District_6,0,36,7.9,0,4.2
SUR01872,District_6,0,51,5.3,0,5.3
SUR01873,District_6,0,56,4.3,0,4.9
SUR01874,District_6,0,44,7.2,0,2.9
SUR01875,District_6,0,50,5.5,0,6.2
SUR01876,District_6,0,56,6.1,0,6.6
SUR01877,District_6,0,81,5.2,1,3.2
SUR01878,District_6,0,58,6.2,0,2.4
SUR01879,District_6,0,54,3.8,0,3.0
SUR01880,District_6,0,71,5.0,0,3.0
SUR01881,District_6,0,63,5.5,1,4.2
SUR01882,District_6,0,71,4.7,1,6.1
SUR01883,District_6,0,41,6.5,0,4.0
SUR01884,District_6,0,32,8.0,1,6.4
SUR01885,District_6,0,78,6.4,0,7.2
SUR01886,District_6,0,60,5.2,0,6.0
SUR01887,District_6,0,45,4.7,0,6.0
SUR01888,District_6,0,37,2.7,1,5.8
SUR01889,District_6,0,47,4.2,0,4.3
SUR01890,District_6,0,80,4.8,0,2.2
SUR01891,District_6,0,35,6.5,1,6.3
SUR01892,District_6,0,80,4.3,0,5.7
SUR01893,District_6,0,44,6.2,0,1.7
SUR01894,District_6,0,53,7.2,1,3.9
SUR01895,District_6,0,53,4.5,1,4.2
SUR01896,District_6,0,55,5.8,0,3.5
SUR01897,District_6,0,31,7.2,0,5.9
SUR01898,District_6,0,89,5.4,0,5.7
SUR01899,District_6,0,64,5.3,0,5.5
SUR01900,District_6,0,65,4.7,0,3.8
SUR01901,District_6,0,55,4.5,1,2.9
SUR01902,District_6,0,57,3.5,0,6.5
SUR01903,District_6,0,60,4.4,1,2.6
SUR01904,District_6,0,58,5.1,0,1.6
SUR01905,District_6,0,40,5.8,0,3.9
SUR01906,District_6,0,44,7.0,0,3.9
SUR01907,District_6,0,67,3.5,0,4.6
SUR01908,District_6,0,74,3.6,0,5.7
SUR01909,District_6,0,42,7.3,1,5.9
SUR01910,District_6,0,50,4.8,0,5.4
SUR01911,District_6,0,49,6.2,0,3.3
SUR01912,District_6,0,66,6.8,1,4.4
SUR01913,District_6,0,51,6.1,1,4.2
SUR01914,District_6,0,48,5.3,0,7.0
SUR01915,District_6,0,42,6.4,0,2.5
SUR01916,District_6,0,67,5.6,0,3.3
SUR01917,District_6,0,52,4.7,0,7.6
SUR01918,District_6,0,49,5.3,1,6.7
SUR01919,District_6,0,52,5.0,0,4.3
SUR01920,District_6,0,76,5.7,0,3.9
SUR01921,District_6,0,57,4.0,0,5.9
SUR01922,District_6,0,75,6.9,1,6.1
SUR01923,District_6,0,39,5.2,0,4.2
SUR01924,District_6,0,55,3.9,0,7.7
SUR01925,District_6,0,52,4.4,0,4.0
SUR01926,District_6,0,92,4.1,0,4.5
SUR01927,District_6,0,53,3.8,0,6.9
SUR01928,District_6,0,41,7.6,0,4.0
SUR01929,District_6,0,58,7.1,1,7.5
SUR01930,District_6,0,61,3.8,0,5.6
SUR01931,District_6,0,76,4.0,0,3.1
SUR01932,District_6,0,48,4.0,0,6.9
SUR01933,District_6,0,73,6.0,1,3.3
SUR01934,District_6,0,56,5.6,1,2.1
SUR01935,District_6,0,61,5.9,0,4.3
SUR01936,District_6,0,63,3.9,0,3.1
SUR01937,District_6,0,52,3.6,1,3.7
SUR01938,District_6,0,33,4.5,0,3.4
SUR01939,District_6,0,57,6.4,0,2.7
SUR01940,District_6,0,46,8.7,1,1.3
SUR01941,District_6,0,37,3.5,0,5.7
SUR01942,District_6,0,56,7.1,1,5.3
SUR01943,District_6,0,40,6.2,1,5.3
SUR01944,District_6,0,56,4.0,1,4.7
SUR01945,District_6,0,54,6.0,0,2.6
SUR01946,District_6,0,51,5.6,0,4.9
SUR01947,District_6,0,40,5.7,0,3.1
SUR01948,District_6,0,33,6.4,0,2.9
SUR01949,District_6,0,56,7.9,1,1.0
SUR01950,District_6,0,72,6.3,0,6.0
SUR01951,District_6,0,65,5.5,0,2.8
SUR01952,District_6,0,35,4.5,1,5.3
SUR01953,District_6,0,48,5.2,0,1.8
SUR01954,District_6,0,50,5.7,0,2.9
SUR01955,District_6,0,35,4.9,0,6.3
SUR01956,District_6,0,45,6.5,0,5.8
SUR01957,District_6,0,39,7.9,0,6.5
SUR01958,District_6,0,76,3.2,1,3.4
SUR01959,District_6,0,56,4.5,0,2.3
SUR01960,District_6,0,75,7.8,0,5.0
SUR01961,District_6,0,57,5.5,0,1.4
SUR01962,District_6,0,74,7.0,1,3.1
SUR01963,District_6,0,33,3.9,0,2.8
SUR01964,District_6,0,72,6.0,0,6.9
SUR01965,District_6,0,52,4.9,0,3.0
SUR01966,District_6,0,52,5.3,0,4.5
SUR01967,District_6,0,68,4.8,1,1.9
SUR01968,District_6,0,52,7.7,0,6.1
SUR01969,District_6,0,60,4.6,0,5.5
SUR01970,District_6,0,40,7.0,1,3.5
SUR01971,District_6,0,81,5.4,0,6.0
SUR01972,District_6,0,42,7.9,0,6.8
SUR01973,District_6,0,38,6.2,0,3.4
SUR01974,District_6,0,40,3.4,0,6.2
SUR01975,District_6,0,35,5.5,0,4.2
SUR01976,District_6,0,27,5.1,0,1.8
SUR01977,District_6,0,54,6.2,1,4.9
SUR01978,District_6,0,36,5.6,1,3.3
SUR01979,District_6,0,43,3.1,0,1.9
SUR01980,District_6,0,22,4.8,0,4.6
SUR01981,District_6,0,76,4.7,0,4.9
SUR01982,District_6,0,60,5.3,0,7.8
SUR01983,District_6,0,23,5.8,0,4.0
SUR01984,District_6,0,50,6.4,1,2.0
SUR01985,District_6,0,50,6.1,1,3.4
SUR01986,District_6,0,51,1.8,0,6.1
SUR01987,District_6,0,58,6.1,0,7.6
SUR01988,District_6,0,31,7.3,0,5.8
SUR01989,District_6,0,39,5.6,0,5.0
SUR01990,District_6,0,46,4.4,0,3.4
SUR01991,District_6,0,61,4.1,0,3.3
SUR01992,District_6,0,48,6.6,1,5.1
SUR01993,District_6,0,56,5.8,0,4.6
SUR01994,District_6,0,35,4.5,0,1.4
SUR01995,District_6,0,42,5.6,0,2.0
SUR01996,District_6,0,63,4.7,0,3.8
SUR01997,District_6,0,61,4.7,0,4.3
SUR01998,District_6,0,57,5.4,0,3.1
SUR01999,District_6,0,64,5.6,0,4.8
SUR02000,District_6,0,61,4.2,0,4.7
SUR02001,District_6,0,46,4.8,0,4.9
SUR02002,District_6,0,61,7.8,0,5.8
SUR02003,District_6,0,55,4.0,0,2.2
SUR02004,District_6,0,49,5.6,0,4.4
SUR02005,District_6,0,47,6.2,0,4.6
SUR02006,District_6,0,68,4.5,0,5.5
SUR02007,District_6,0,64,4.5,1,4.2
SUR02008,District_6,0,46,4.3,0,2.7
SUR02009,District_6,0,43,3.9,0,4.1
SUR02010,District_6,0,45,7.4,0,4.2
SUR02011,District_6,0,64,4.7,1,4.3
SUR02012,District_6,0,39,5.3,0,6.8
SUR02013,District_6,0,51,4.0,0,3.2
SUR02014,District_6,0,62,5.9,1,4.7
SUR02015,District_6,0,59,4.5,0,1.0
SUR02016,District_6,0,60,6.4,1,2.7
SUR02017,District_6,0,31,4.0,0,3.3
SUR02018,District_6,0,59,7.6,1,3.6
SUR02019,District_6,0,42,4.5,0,6.0
SUR02020,District_6,0,46,5.8,1,6.0
SUR02021,District_6,0,30,5.8,0,1.0
SUR02022,District_6,0,67,6.6,1,3.8
SUR02023,District_6,0,61,3.2,0,6.0
SUR02024,District_6,0,43,4.0,1,4.6
SUR02025,District_6,0,59,4.8,0,4.0
SUR02026,District_6,0,64,6.9,0,3.4
SUR02027,District_6,0,71,5.0,0,1.0
SUR02028,District_6,0,61,7.8,0,4.2
SUR02029,District_6,0,46,8.3,1,1.1
SUR02030,District_6,0,38,5.3,0,3.8
SUR02031,District_6,0,84,8.4,0,6.5
SUR02032,District_6,0,48,4.8,1,5.3
SUR02033,District_6,0,53,5.7,0,2.6
SUR02034,District_6,0,59,5.8,1,4.4
SUR02035,District_6,0,66,7.3,0,6.5
SUR02036,District_6,0,51,6.9,0,3.7
SUR02037,District_6,0,67,5.2,0,5.0
SUR02038,District_6,0,91,4.5,0,4.9
SUR02039,District_6,0,49,5.9,0,4.4
SUR02040,District_6,0,62,6.2,0,3.6
SUR02041,District_6,0,40,7.1,0,8.3
SUR02042,District_6,0,48,7.7,0,7.0
SUR02043,District_6,0,42,4.9,0,4.4
SUR02044,District_6,0,39,4.5,1,3.6
SUR02045,District_6,0,39,6.0,0,5.1
SUR02046,District_6,0,74,3.4,0,7.8
SUR02047,District_6,0,78,7.6,1,4.8
SUR02048,District_6,0,72,4.1,0,6.1
SUR02049,District_6,0,52,5.5,1,2.7
SUR02050,District_6,0,66,3.4,1,5.1
SUR02051,District_6,0,34,4.3,1,7.1
SUR02052,District_6,0,14,6.2,1,6.1
SUR02053,District_6,0,49,3.9,1,6.6
SUR02054,District_6,0,56,4.7,0,3.9
SUR02055,District_6,0,50,7.8,0,3.3
SUR02056,District_6,0,57,6.0,0,6.1
SUR02057,District_6,0,55,4.8,0,3.0
SUR02058,District_6,0,47,3.3,0,6.9
SUR02059,District_6,0,47,7.1,0,6.1
SUR02060,District_6,0,59,7.8,0,7.7
SUR02061,District_6,0,79,2.1,0,3.4
SUR02062,District_6,0,48,3.3,0,2.5
SUR02063,District_6,0,72,6.5,0,5.5
SUR02064,District_6,0,44,4.3,1,4.7
SUR02065,District_6,0,43,6.7,0,2.5
SUR02066,District_6,0,66,4.5,1,5.7
SUR02067,District_6,0,77,7.3,0,7.4
SUR02068,District_6,0,39,3.3,0,7.4
SUR02069,District_6,0,26,4.9,0,4.1
SUR02070,District_6,0,48,4.9,0,2.0
SUR02071,District_6,0,72,6.3,0,3.1
SUR02072,District_6,0,59,5.3,0,2.5
SUR02073,District_6,0,29,4.9,0,2.8
SUR02074,District_6,0,45,4.8,0,4.6
SUR02075,District_6,0,57,2.5,0,2.7
SUR02076,District_6,0,70,4.7,1,1.2
SUR02077,District_6,0,49,4.1,1,2.5
SUR02078,District_6,0,63,6.0,0,6.9
SUR02079,District_6,0,64,4.4,0,5.5
SUR02080,District_6,0,55,6.3,0,2.3
SUR02081,District_6,0,50,4.6,0,5.2
SUR02082,District_6,0,63,5.0,0,4.2
SUR02083,District_6,0,47,5.3,0,3.7
SUR02084,District_6,0,45,4.4,1,3.7
SUR02085,District_6,0,32,5.4,0,6.7
SUR02086,District_6,0,18,3.1,1,2.6
SUR02087,District_6,0,33,6.0,0,4.6
SUR02088,District_6,0,53,5.5,0,3.4
SUR02089,District_6,0,72,6.0,0,1.9
SUR02090,District_6,0,59,7.0,1,6.1
SUR02091,District_6,0,72,8.1,1,6.5
SUR02092,District_6,0,50,4.9,0,4.4
SUR02093,District_6,0,58,4.2,0,5.8
SUR02094,District_6,0,46,4.7,0,3.3
SUR02095,District_6,0,22,7.5,1,5.6
SUR02096,District_6,0,35,3.9,0,4.2
SUR02097,District_6,0,44,9.0,0,2.9
SUR02098,District_6,0,57,5.5,0,4.0
SUR02099,District_6,0,32,5.8,0,4.2
SUR02100,District_6,0,58,7.6,1,5.1
SUR02101,District_6,0,59,4.8,0,1.0
SUR02102,District_6,0,31,5.9,0,3.5
SUR02103,District_6,0,63,7.1,1,6.4
SUR02104,District_6,0,50,3.9,0,4.0
SUR02105,District_6,0,32,2.9,0,1.9
SUR02106,District_6,0,53,5.6,0,6.0
SUR02107,District_6,0,36,3.6,0,5.3
SUR02108,District_6,0,70,5.9,1,2.8
SUR02109,District_6,0,26,5.0,0,1.8
SUR02110,District_6,0,67,6.8,0,5.5
SUR02111,District_6,0,77,6.6,1,3.5
SUR02112,District_6,0,73,3.0,1,1.0
SUR02113,District_6,0,70,4.7,0,2.0
SUR02114,District_6,0,46,3.6,0,3.5
SUR02115,District_6,0,52,5.9,0,7.4
SUR02116,District_6,0,55,3.6,0,5.5
SUR02117,District_6,0,35,6.8,0,1.4
SUR02118,District_6,0,64,3.0,0,2.9
SUR02119,District_6,0,62,5.1,1,6.8
SUR02120,District_6,0,58,4.2,0,2.1
SUR02121,District_6,0,30,4.7,1,5.5
SUR02122,District_6,0,64,4.6,0,2.6
SUR02123,District_6,0,59,5.3,0,3.5
SUR02124,District_6,0,41,3.7,0,1.0
SUR02125,District_6,0,54,4.6,0,3.7
SUR02126,District_6,0,76,7.8,0,3.7
SUR02127,District_6,0,62,5.4,1,3.5
SUR02128,District_6,0,72,7.6,0,7.8
SUR02129,District_6,0,78,5.2,0,5.7
SUR02130,District_6,0,49,4.5,0,2.7
SUR02131,District_6,0,48,3.6,0,2.4
SUR02132,District_6,0,53,6.0,0,5.7
SUR02133,District_6,0,22,7.5,0,2.2
SUR02134,District_6,0,67,6.9,1,3.4
SUR02135,District_6,0,59,6.3,0,6.0
SUR02136,District_6,0,42,7.2,0,3.4
SUR02137,District_6,0,49,6.4,0,3.0
SUR02138,District_6,0,33,6.7,0,2.9
SUR02139,District_6,0,69,6.5,0,2.6
SUR02140,District_6,0,53,6.6,0,6.1
SUR02141,District_6,0,61,3.8,0,4.5
SUR02142,District_7,0,41,4.9,1,3.6
SUR02143,District_7,0,42,5.0,0,4.2
SUR02144,District_7,0,56,7.2,0,5.2
SUR02145,District_7,0,37,4.8,0,2.4
SUR02146,District_7,0,45,4.1,0,5.3
SUR02147,District_7,0,30,4.3,0,5.5
SUR02148,District_7,0,69,7.0,0,2.9
SUR02149,District_7,0,51,3.1,1,3.4
SUR02150,District_7,0,25,3.8,1,2.7
SUR02151,District_7,0,36,5.6,0,3.7
SUR02152,District_7,0,35,4.8,0,5.2
SUR02153,District_7,0,42,2.8,1,1.8
SUR02154,District_7,0,73,4.9,0,4.2
SUR02155,District_7,0,38,7.3,1,4.6
SUR02156,District_7,0,42,4.4,0,5.1
SUR02157,District_7,0,33,3.8,1,2.0
SUR02158,District_7,0,47,4.5,1,3.2
SUR02159,District_7,0,34,4.2,1,4.1
SUR02160,District_7,0,33,7.9,0,2.8
SUR02161,District_7,0,37,5.9,1,1.3
SUR02162,District_7,0,46,1.3,1,6.3
SUR02163,District_7,0,42,6.6,1,3.6
SUR02164,District_7,0,44,3.8,0,3.7
SUR02165,District_7,0,58,4.9,1,4.3
SUR02166,District_7,0,25,6.0,0,6.5
SUR02167,District_7,0,47,6.8,0,5.8
SUR02168,District_7,0,63,5.1,1,4.8
SUR02169,District_7,0,62,4.6,0,1.0
SUR02170,District_7,0,47,3.9,1,7.3
SUR02171,District_7,0,55,4.5,0,4.2
SUR02172,District_7,0,64,7.4,1,1.0
SUR02173,District_7,0,33,2.2,0,5.8
SUR02174,District_7,0,39,4.2,1,2.4
SUR02175,District_7,0,36,5.7,0,2.9
SUR02176,District_7,0,41,7.9,0,2.7
SUR02177,District_7,0,32,7.5,1,1.0
SUR02178,District_7,0,38,5.0,1,3.5
SUR02179,District_7,0,53,5.7,0,5.9
SUR02180,District_7,0,39,6.1,0,4.1
SUR02181,District_7,0,47,4.1,0,3.2
SUR02182,District_7,0,33,5.9,0,3.0
SUR02183,District_7,0,57,3.8,0,3.5
SUR02184,District_7,0,21,2.6,0,2.0
SUR02185,District_7,0,41,5.6,0,5.0
SUR02186,District_7,0,60,4.6,0,5.7
SUR02187,District_7,0,40,6.0,0,5.8
SUR02188,District_7,0,32,5.1,0,5.4
SUR02189,District_7,0,62,3.4,0,5.0
SUR02190,District_7,0,33,6.7,0,3.6
SUR02191,District_7,0,40,5.7,1,5.2
SUR02192,District_7,0,40,5.8,0,4.7
SUR02193,District_7,0,37,2.9,1,1.4
SUR02194,District_7,0,62,3.6,0,3.2
SUR02195,District_7,0,22,3.8,0,5.0
SUR02196,District_7,0,34,4.6,1,4.7
SUR02197,District_7,0,43,7.9,0,3.1
SUR02198,District_7,0,53,2.5,0,3.7
SUR02199,District_7,0,27,4.7,0,3.6
SUR02200,District_7,0,55,3.1,0,4.3
SUR02201,District_7,0,51,3.2,0,6.0
SUR02202,District_7,0,24,4.1,0,7.2
SUR02203,District_7,0,36,5.3,0,4.9
SUR02204,District_7,0,41,1.0,0,1.0
SUR02205,District_7,0,62,2.3,0,2.4
SUR02206,District_7,0,65,3.7,1,4.1
SUR02207,District_7,0,57,4.2,1,6.5
SUR02208,District_7,0,36,3.1,0,6.8
SUR02209,District_7,0,49,4.0,1,6.4
SUR02210,District_7,0,49,3.9,0,3.2
SUR02211,District_7,0,27,5.4,1,3.8
SUR02212,District_7,0,42,5.0,0,6.0
SUR02213,District_7,0,68,4.4,0,1.0
SUR02214,District_7,0,28,6.4,1,3.0
SUR02215,District_7,0,50,5.9,1,7.0
SUR02216,District_7,0,45,4.1,0,4.9
SUR02217,District_7,0,31,2.5,0,4.0
SUR02218,District_7,0,56,4.2,0,4.6
SUR02219,District_7,0,37,2.3,1,7.9
SUR02220,District_7,0,64,5.4,0,4.9
SUR02221,District_7,0,81,7.5,1,5.9
SUR02222,District_7,0,46,5.1,1,6.2
SUR02223,District_7,0,73,5.9,1,9.1
SUR02224,District_7,0,47,3.0,1,4.2
SUR02225,District_7,0,12,4.8,1,5.0
SUR02226,District_7,0,40,4.3,0,5.5
SUR02227,District_7,0,44,3.2,0,2.5
SUR02228,District_7,0,72,4.3,0,7.4
SUR02229,District_7,0,47,2.7,0,3.7
SUR02230,District_7,0,11,5.9,1,2.6
SUR02231,District_7,0,52,3.8,1,4.7
SUR02232,District_7,0,47,3.2,1,1.8
SUR02233,District_7,0,42,4.8,0,3.6
SUR02234,District_7,0,45,5.6,1,4.9
SUR02235,District_7,0,63,6.1,0,1.2
SUR02236,District_7,0,47,3.4,0,4.6
SUR02237,District_7,0,48,4.5,0,2.1
SUR02238,District_7,0,37,6.2,1,4.5
SUR02239,District_7,0,25,2.9,0,4.5
SUR02240,District_7,0,48,4.6,0,4.1
SUR02241,District_7,0,36,4.6,1,4.1
SUR02242,District_7,0,47,3.0,0,6.4
SUR02243,District_7,0,14,6.3,0,1.0
SUR02244,District_7,0,47,4.0,0,4.0
SUR02245,District_7,0,44,6.5,0,5.2
SUR02246,District_7,0,46,2.9,0,7.4
SUR02247,District_7,0,49,1.0,1,3.2
SUR02248,District_7,0,52,3.6,0,4.2
SUR02249,District_7,0,54,5.2,0,6.8
SUR02250,District_7,0,42,3.7,0,3.9
SUR02251,District_7,0,60,4.7,1,6.1
SUR02252,District_7,0,44,4.5,0,5.7
SUR02253,District_7,0,24,3.1,1,6.6
SUR02254,District_7,0,56,8.8,0,3.1
SUR02255,District_7,0,42,4.3,1,3.2
SUR02256,District_7,0,39,3.5,0,1.1
SUR02257,District_7,0,68,8.6,1,3.2
SUR02258,District_7,0,42,3.1,0,4.7
SUR02259,District_7,0,50,4.7,1,6.3
SUR02260,District_7,0,61,3.6,1,4.7
SUR02261,District_7,0,37,2.6,0,5.1
SUR02262,District_7,0,56,6.0,0,2.4
SUR02263,District_7,0,48,4.6,1,1.0
SUR02264,District_7,0,65,2.6,0,6.5
SUR02265,District_7,0,36,7.6,0,5.4
SUR02266,District_7,0,35,4.6,1,5.8
SUR02267,District_7,0,49,6.6,1,1.4
SUR02268,District_7,0,30,6.7,0,2.9
SUR02269,District_7,0,64,2.2,0,2.5
SUR02270,District_7,0,41,5.7,1,3.5
SUR02271,District_7,0,72,6.2,0,5.4
SUR02272,District_7,0,30,4.8,1,5.8
SUR02273,District_7,0,61,6.2,1,5.3
SUR02274,District_7,0,41,3.9,0,3.0
SUR02275,District_7,0,36,7.1,1,4.1
SUR02276,District_7,0,52,3.8,0,5.0
SUR02277,District_7,0,47,7.1,0,1.9
SUR02278,District_7,0,54,5.3,0,3.4
SUR02279,District_7,0,34,5.2,0,4.0
SUR02280,District_7,0,21,2.6,0,4.7
SUR02281,District_7,0,55,6.9,1,4.9
SUR02282,District_7,0,35,3.2,0,1.3
SUR02283,District_7,0,46,7.3,0,1.9
SUR02284,District_7,0,55,5.2,0,2.0
SUR02285,District_7,0,47,5.3,0,5.5
SUR02286,District_7,0,42,3.8,1,2.5
SUR02287,District_7,0,36,4.0,1,3.0
SUR02288,District_7,0,62,2.0,0,1.1
SUR02289,District_7,0,57,5.9,1,5.4
SUR02290,District_7,0,63,5.2,0,4.1
SUR02291,District_7,0,28,7.1,1,7.6
SUR02292,District_7,0,35,4.2,0,1.0
SUR02293,District_7,0,39,7.8,0,1.8
SUR02294,District_7,0,50,3.0,1,4.9
SUR02295,District_7,0,71,5.1,0,7.4
SUR02296,District_7,0,46,5.7,0,1.9
SUR02297,District_7,0,38,5.4,0,1.0
SUR02298,District_7,0,49,4.0,0,4.0
SUR02299,District_7,0,24,2.5,1,2.9
SUR02300,District_7,0,12,4.7,0,4.7
SUR02301,District_7,0,27,3.8,0,7.3
SUR02302,District_7,0,39,7.6,1,3.2
SUR02303,District_7,0,52,5.5,0,3.7
SUR02304,District_7,0,62,4.8,0,3.6
SUR02305,District_7,0,66,6.9,0,5.2
SUR02306,District_7,0,59,5.8,1,4.0
SUR02307,District_7,0,25,1.7,0,2.5
SUR02308,District_7,0,42,6.2,0,6.1
SUR02309,District_7,0,67,5.4,0,1.8
SUR02310,District_7,0,23,5.3,1,3.3
SUR02311,District_7,0,45,4.6,1,3.7
SUR02312,District_7,0,45,3.8,0,1.7
SUR02313,District_7,0,57,3.0,1,6.2
SUR02314,District_7,0,1,5.9,0,3.0
SUR02315,District_7,0,54,3.9,0,2.4
SUR02316,District_7,0,26,3.6,0,6.9
SUR02317,District_7,0,58,9.4,0,4.6
SUR02318,District_7,0,25,3.9,1,2.9
SUR02319,District_7,0,47,3.6,0,3.9
SUR02320,District_7,0,15,5.6,0,4.4
SUR02321,District_7,0,29,4.1,0,4.4
SUR02322,District_7,0,52,6.9,0,4.8
SUR02323,District_7,0,34,5.4,0,4.4
SUR02324,District_7,0,54,4.8,0,7.2
SUR02325,District_7,0,50,5.8,0,4.9
SUR02326,District_7,0,43,5.2,0,4.9
SUR02327,District_7,0,11,3.4,0,2.2
SUR02328,District_7,0,47,5.1,0,4.2
SUR02329,District_7,0,56,2.7,0,1.6
SUR02330,District_7,0,53,2.6,0,5.5
SUR02331,District_7,0,32,3.6,0,4.6
SUR02332,District_7,0,49,4.2,0,4.5
SUR02333,District_7,0,42,4.7,0,5.8
SUR02334,District_7,0,47,1.0,0,6.4
SUR02335,District_7,0,64,3.9,0,1.2
SUR02336,District_7,0,49,2.1,1,3.3
SUR02337,District_7,0,37,5.4,1,4.4
SUR02338,District_7,0,53,3.8,1,2.2
SUR02339,District_7,0,46,4.2,0,5.0
SUR02340,District_7,0,60,2.9,0,5.3
SUR02341,District_7,0,28,5.4,0,3.5
SUR02342,District_7,0,27,2.3,1,5.4
SUR02343,District_7,0,41,4.0,1,4.2
SUR02344,District_7,0,18,3.7,0,2.3
SUR02345,District_7,0,38,7.2,1,3.9
SUR02346,District_7,0,48,1.5,0,1.4
SUR02347,District_7,0,62,6.9,0,4.2
SUR02348,District_7,0,39,4.0,1,5.4
SUR02349,District_7,0,58,4.2,0,5.4
SUR02350,District_7,0,48,6.4,1,3.7
SUR02351,District_7,0,43,5.9,1,3.7
SUR02352,District_7,0,30,4.8,0,5.8
SUR02353,District_7,0,36,5.4,1,3.0
SUR02354,District_7,0,36,1.8,0,2.5
SUR02355,District_7,0,40,2.8,0,7.1
SUR02356,District_7,0,36,5.3,0,3.0
SUR02357,District_7,0,58,2.9,0,2.1
SUR02358,District_7,0,43,4.6,0,4.9
SUR02359,District_7,0,70,3.9,0,2.4
SUR02360,District_7,0,31,2.5,1,6.1
SUR02361,District_7,0,57,6.2,0,3.3
SUR02362,District_7,0,27,5.7,1,3.5
SUR02363,District_7,0,41,4.3,0,5.0
SUR02364,District_7,0,41,7.1,1,7.2
SUR02365,District_7,0,41,2.2,0,4.8
SUR02366,District_7,0,61,3.2,0,4.7
SUR02367,District_7,0,46,3.4,0,4.2
SUR02368,District_7,0,71,4.1,1,7.7
SUR02369,District_7,0,64,4.2,0,5.1
SUR02370,District_7,0,43,5.9,1,2.4
SUR02371,District_7,0,60,8.0,0,2.1
SUR02372,District_7,0,26,5.5,0,5.2
SUR02373,District_7,0,44,4.6,0,4.9
SUR02374,District_7,0,42,6.8,0,3.7
SUR02375,District_7,0,51,4.8,0,1.6
SUR02376,District_7,0,54,4.6,0,4.7
SUR02377,District_7,0,32,5.0,0,3.1
SUR02378,District_7,0,51,5.1,0,2.7
SUR02379,District_7,0,64,6.0,0,6.0
SUR02380,District_7,0,55,1.2,1,3.6
SUR02381,District_7,0,50,5.4,1,2.9
SUR02382,District_7,0,58,4.9,0,4.0
SUR02383,District_7,0,10,4.2,1,3.8
SUR02384,District_7,0,17,6.0,0,5.3
SUR02385,District_7,0,69,5.8,0,3.9
SUR02386,District_7,0,54,3.7,0,3.6
SUR02387,District_7,0,49,4.6,0,6.6
SUR02388,District_7,0,47,5.5,0,5.0
SUR02389,District_7,0,44,4.3,1,5.7
SUR02390,District_7,0,51,3.2,0,5.7
SUR02391,District_7,0,49,4.7,1,3.6
SUR02392,District_7,0,39,6.8,0,4.1
SUR02393,District_7,0,48,4.2,1,4.3
SUR02394,District_7,0,48,5.4,0,7.3
SUR02395,District_7,0,36,8.2,1,1.1
SUR02396,District_7,0,61,1.1,1,3.9
SUR02397,District_7,0,36,5.9,0,4.5
SUR02398,District_7,0,34,3.3,0,1.9
SUR02399,District_7,0,38,3.5,0,1.1
SUR02400,District_7,0,24,4.1,0,3.1
SUR02401,District_7,0,43,3.4,0,4.8
SUR02402,District_7,0,39,5.5,0,5.5
SUR02403,District_7,0,54,2.6,1,6.4
SUR02404,District_7,0,43,5.8,0,4.8
SUR02405,District_7,0,21,6.2,1,3.3
SUR02406,District_7,0,38,2.0,1,4.2
SUR02407,District_7,0,24,2.2,0,3.3
SUR02408,District_7,0,59,3.7,0,4.8
SUR02409,District_7,0,60,6.2,0,3.5
SUR02410,District_7,0,50,3.4,1,3.9
SUR02411,District_7,0,55,4.8,0,5.3
SUR02412,District_7,0,46,2.2,1,2.8
SUR02413,District_7,0,49,3.2,0,6.1
SUR02414,District_7,0,36,2.9,1,2.0
SUR02415,District_7,0,40,3.3,1,4.7
SUR02416,District_7,0,56,4.3,1,2.7
SUR02417,District_7,0,32,4.8,0,6.4
SUR02418,District_7,0,47,5.0,0,3.9
SUR02419,District_7,0,36,2.6,0,4.3
SUR02420,District_7,0,35,6.7,1,3.8
SUR02421,District_7,0,61,4.1,1,4.9
SUR02422,District_7,0,53,6.3,0,3.9
SUR02423,District_7,0,49,5.7,0,1.5
SUR02424,District_7,0,31,5.5,0,3.8
SUR02425,District_7,0,45,6.7,0,5.9
SUR02426,District_7,0,40,3.4,0,4.3
SUR02427,District_7,0,27,5.4,0,1.0
SUR02428,District_7,0,53,1.0,0,4.4
SUR02429,District_7,0,52,5.0,0,4.2
SUR02430,District_7,0,16,5.3,1,5.3
SUR02431,District_7,0,42,3.3,0,5.7
SUR02432,District_7,0,69,4.7,0,2.8
SUR02433,District_7,0,48,1.8,0,3.8
SUR02434,District_7,0,69,2.8,0,2.6
SUR02435,District_7,0,50,4.5,1,4.0
SUR02436,District_7,0,53,2.5,1,3.3
SUR02437,District_7,0,42,7.6,1,3.8
SUR02438,District_7,0,33,5.4,0,3.5
SUR02439,District_7,0,32,4.4,0,5.2
SUR02440,District_7,0,60,4.9,0,7.4
SUR02441,District_7,0,42,5.1,0,3.6
SUR02442,District_7,0,38,2.7,0,5.3
SUR02443,District_7,0,71,5.3,0,3.2
SUR02444,District_7,0,75,5.1,0,1.0
SUR02445,District_7,0,48,3.6,1,4.5
SUR02446,District_7,0,21,5.3,0,4.5
SUR02447,District_7,0,43,4.1,0,7.4
SUR02448,District_7,0,31,5.3,1,5.2
SUR02449,District_7,0,28,6.4,0,3.6
SUR02450,District_7,0,64,4.5,0,1.1
SUR02451,District_7,0,27,7.4,1,4.7
SUR02452,District_7,0,35,3.9,1,5.8
SUR02453,District_7,0,42,2.9,0,8.8
SUR02454,District_7,0,29,4.9,0,4.4
SUR02455,District_7,0,37,2.9,0,5.6
SUR02456,District_7,0,29,5.2,0,4.3
SUR02457,District_7,0,27,2.7,1,5.4
SUR02458,District_7,0,43,5.6,1,4.8
SUR02459,District_7,0,44,4.2,0,1.8
SUR02460,District_7,0,25,7.3,1,4.3
SUR02461,District_7,0,26,7.0,0,3.7
SUR02462,District_7,0,26,6.2,1,4.5
SUR02463,District_7,0,26,3.0,0,5.7
SUR02464,District_7,0,43,3.2,0,5.6
SUR02465,District_7,0,49,4.7,0,3.5
SUR02466,District_7,0,38,5.4,0,4.5
SUR02467,District_7,0,63,4.5,1,2.9
SUR02468,District_7,0,64,4.2,0,2.0
SUR02469,District_7,0,19,5.4,0,3.1
SUR02470,District_7,0,46,6.7,0,3.8
SUR02471,District_7,0,19,7.4,1,4.9
SUR02472,District_7,0,46,7.2,0,9.3
SUR02473,District_7,0,60,1.8,0,4.9
SUR02474,District_7,0,50,1.0,0,2.2
SUR02475,District_7,0,32,5.5,0,4.5
SUR02476,District_7,0,62,6.1,1,3.9
SUR02477,District_7,0,33,6.1,0,6.4
SUR02478,District_7,0,48,6.0,1,3.1
SUR02479,District_7,0,31,6.2,0,4.8
SUR02480,District_7,0,49,4.5,0,6.2
SUR02481,District_7,0,40,5.1,0,4.1
SUR02482,District_7,0,19,5.6,0,3.1
SUR02483,District_7,0,39,5.7,0,5.8
SUR02484,District_7,0,55,4.1,0,3.8
SUR02485,District_7,0,63,2.9,0,7.1
SUR02486,District_7,0,39,2.1,1,4.0
SUR02487,District_7,0,61,3.9,1,4.0
SUR02488,District_7,0,37,2.6,0,5.3
SUR02489,District_7,0,77,4.5,1,4.6
SUR02490,District_7,0,34,5.8,0,2.1
SUR02491,District_7,0,46,5.0,1,3.1
SUR02492,District_7,0,26,4.4,1,3.1
SUR02493,District_7,0,42,5.4,0,1.8
SUR02494,District_7,0,54,3.0,0,2.8
SUR02495,District_7,0,89,5.8,0,4.6
SUR02496,District_7,0,35,4.9,0,5.4
SUR02497,District_7,0,11,3.6,1,4.0
SUR02498,District_7,0,63,5.8,0,5.8
SUR02499,District_7,0,46,1.0,1,2.7
SUR02500,District_7,0,66,4.6,0,7.5
SUR02501,District_7,0,28,3.8,1,6.5
SUR02502,District_7,0,76,3.4,0,5.5
SUR02503,District_7,0,36,3.7,0,4.8
SUR02504,District_7,0,42,5.3,0,1.1
SUR02505,District_7,0,47,4.0,0,6.8
SUR02506,District_7,0,27,6.5,0,2.9
SUR02507,District_7,0,40,2.4,0,3.9
SUR02508,District_7,0,19,4.7,1,3.3
SUR02509,District_7,0,55,2.9,1,3.9
SUR02510,District_7,0,38,6.7,0,4.2
SUR02511,District_7,0,4,5.4,0,8.2
SUR02512,District_7,0,39,2.9,0,3.9
SUR02513,District_8,0,54,4.9,0,4.1
SUR02514,District_8,0,64,5.6,0,2.3
SUR02515,District_8,0,60,6.1,0,3.0
SUR02516,District_8,0,65,4.1,0,2.8
SUR02517,District_8,0,76,5.6,0,1.0
SUR02518,District_8,0,51,7.8,0,4.2
SUR02519,District_8,0,74,5.7,0,1.4
SUR02520,District_8,0,56,5.2,0,7.9
SUR02521,District_8,0,48,6.7,0,3.2
SUR02522,District_8,0,45,6.7,1,3.5
SUR02523,District_8,0,64,2.5,0,2.6
SUR02524,District_8,0,62,5.4,0,4.2
SUR02525,District_8,0,54,6.1,0,4.7
SUR02526,District_8,0,62,6.7,0,1.0
SUR02527,District_8,0,49,7.2,0,4.7
SUR02528,District_8,0,78,5.2,0,4.7
SUR02529,District_8,0,47,5.6,0,1.4
SUR02530,District_8,0,57,4.7,0,4.9
SUR02531,District_8,0,31,7.2,0,1.9
SUR02532,District_8,0,75,2.7,0,3.2
SUR02533,District_8,0,75,3.7,0,3.1
SUR02534,District_8,0,53,7.7,0,1.8
SUR02535,District_8,0,56,5.5,1,2.1
SUR02536,District_8,0,38,5.0,0,8.1
SUR02537,District_8,0,50,7.0,1,1.0
SUR02538,District_8,0,56,3.3,0,5.7
SUR02539,District_8,0,54,5.9,0,3.9
SUR02540,District_8,0,30,6.6,0,7.0
SUR02541,District_8,0,56,5.7,0,6.2
SUR02542,District_8,0,49,1.0,1,1.9
SUR02543,District_8,0,39,5.1,1,2.9
SUR02544,District_8,0,40,4.3,1,5.8
SUR02545,District_8,0,40,8.1,0,4.1
SUR02546,District_8,0,64,7.1,0,2.4
SUR02547,District_8,0,81,5.2,0,2.7
SUR02548,District_8,0,100,3.2,0,8.1
SUR02549,District_8,0,48,5.6,1,4.1
SUR02550,District_8,0,34,4.0,1,4.1
SUR02551,District_8,0,47,6.3,0,5.4
SUR02552,District_8,0,41,6.0,0,1.8
SUR02553,District_8,0,22,5.1,0,7.0
SUR02554,District_8,0,62,6.1,0,1.0
SUR02555,District_8,0,47,9.1,1,6.6
SUR02556,District_8,0,55,3.4,0,5.1
SUR02557,District_8,0,54,4.0,0,5.6
SUR02558,District_8,0,48,5.9,1,3.2
SUR02559,District_8,0,21,4.5,0,2.9
SUR02560,District_8,0,41,6.1,0,7.1
SUR02561,District_8,0,37,3.8,0,9.2
SUR02562,District_8,0,42,5.7,0,4.5
SUR02563,District_8,0,47,5.6,0,6.5
SUR02564,District_8,0,60,6.5,0,4.7
SUR02565,District_8,0,52,5.3,0,3.1
SUR02566,District_8,0,46,7.0,0,7.5
SUR02567,District_8,0,55,4.2,0,3.7
SUR02568,District_8,0,54,6.0,0,5.4
SUR02569,District_8,0,71,3.2,1,4.5
SUR02570,District_8,0,93,2.5,1,5.1
SUR02571,District_8,0,32,3.7,0,3.4
SUR02572,District_8,0,63,8.4,0,4.6
SUR02573,District_8,0,32,7.6,1,2.5
SUR02574,District_8,0,63,6.1,0,7.4
SUR02575,District_8,0,30,4.5,0,4.8
SUR02576,District_8,0,50,6.8,1,4.1
SUR02577,District_8,0,41,3.4,0,5.3
SUR02578,District_8,0,55,2.9,0,5.4
SUR02579,District_8,0,44,5.4,1,3.1
SUR02580,District_8,0,54,5.5,0,2.0
SUR02581,District_8,0,51,6.2,0,3.3
SUR02582,District_8,0,66,4.7,0,5.8
SUR02583,District_8,0,52,4.8,0,3.7
SUR02584,District_8,0,80,8.0,0,2.1
SUR02585,District_8,0,49,5.4,0,4.5
SUR02586,District_8,0,61,4.9,0,7.2
SUR02587,District_8,0,37,6.1,0,4.1
SUR02588,District_8,0,54,4.9,0,1.2
SUR02589,District_8,0,46,8.0,0,2.6
SUR02590,District_8,0,66,6.1,0,3.2
SUR02591,District_8,0,61,5.1,1,4.2
SUR02592,District_8,0,56,4.5,0,5.1
SUR02593,District_8,0,45,2.9,0,5.6
SUR02594,District_8,0,65,5.9,0,4.0
SUR02595,District_8,0,61,4.5,0,2.5
SUR02596,District_8,0,75,3.2,0,1.1
SUR02597,District_8,0,9,4.0,0,4.6
SUR02598,District_8,0,64,7.3,0,1.1
SUR02599,District_8,0,62,5.3,0,7.3
SUR02600,District_8,0,54,5.9,0,6.2
SUR02601,District_8,0,69,5.9,0,6.8
SUR02602,District_8,0,65,8.1,0,3.8
SUR02603,District_8,0,47,4.7,0,4.3
SUR02604,District_8,0,38,5.4,0,2.0
SUR02605,District_8,0,62,6.9,0,5.7
SUR02606,District_8,0,66,5.6,0,1.3
SUR02607,District_8,0,37,6.0,0,3.7
SUR02608,District_8,0,54,5.4,0,2.5
SUR02609,District_8,0,43,4.5,1,6.8
SUR02610,District_8,0,68,7.1,0,4.9
SUR02611,District_8,0,65,5.2,0,4.7
SUR02612,District_8,0,52,6.2,0,3.6
SUR02613,District_8,0,50,6.0,0,5.5
SUR02614,District_8,0,62,1.0,1,6.9
SUR02615,District_8,0,56,5.5,0,7.0
SUR02616,District_8,0,50,5.7,0,8.8
SUR02617,District_8,0,29,2.5,1,2.3
SUR02618,District_8,0,43,3.8,0,3.1
SUR02619,District_8,0,72,5.3,0,5.6
SUR02620,District_8,0,78,4.9,0,4.2
SUR02621,District_8,0,51,6.8,0,4.7
SUR02622,District_8,0,59,7.6,0,1.5
SUR02623,District_8,0,52,4.8,0,5.7
SUR02624,District_8,0,48,4.4,0,3.3
SUR02625,District_8,0,47,5.5,0,4.9
SUR02626,District_8,0,33,7.0,1,3.9
SUR02627,District_8,0,56,5.6,0,2.2
SUR02628,District_8,0,60,7.0,0,7.2
SUR02629,District_8,0,51,7.1,1,5.3
SUR02630,District_8,0,71,6.4,0,4.2
SUR02631,District_8,0,42,5.5,0,2.4
SUR02632,District_8,0,45,4.1,0,5.5
SUR02633,District_8,0,38,5.8,0,5.0
SUR02634,District_8,0,77,4.8,0,2.6
SUR02635,District_8,0,45,7.9,0,5.0
SUR02636,District_8,0,54,7.1,0,4.0
SUR02637,District_8,0,44,5.4,1,5.0
SUR02638,District_8,0,67,5.5,0,5.1
SUR02639,District_8,0,65,3.7,0,3.0
SUR02640,District_8,0,56,5.0,0,5.0
SUR02641,District_8,0,56,8.4,0,6.8
SUR02642,District_8,0,60,6.1,0,5.4
SUR02643,District_8,0,59,5.5,1,4.2
SUR02644,District_8,0,67,6.2,1,4.3
SUR02645,District_8,0,41,5.2,0,7.0
SUR02646,District_8,0,68,5.5,0,6.9
SUR02647,District_8,0,44,5.6,0,2.3
SUR02648,District_8,0,56,7.9,0,5.1
SUR02649,District_8,0,45,2.6,1,3.7
SUR02650,District_8,0,55,4.6,1,2.0
SUR02651,District_8,0,59,2.5,0,5.7
SUR02652,District_8,0,66,5.0,0,5.2
SUR02653,District_8,0,73,5.4,0,3.1
SUR02654,District_8,0,59,6.4,0,3.7
SUR02655,District_8,0,41,4.0,0,6.3
SUR02656,District_8,0,46,4.4,0,3.5
SUR02657,District_8,0,45,6.5,0,3.1
SUR02658,District_8,0,68,6.3,0,2.2
SUR02659,District_8,0,27,5.2,0,5.2
SUR02660,District_8,0,55,2.4,0,1.6
SUR02661,District_8,0,54,5.5,0,1.6
SUR02662,District_8,0,69,5.9,0,3.8
SUR02663,District_8,0,51,5.7,0,3.1
SUR02664,District_8,0,49,3.4,0,1.7
SUR02665,District_8,0,66,4.0,0,2.2
SUR02666,District_8,0,61,6.8,0,1.2
SUR02667,District_8,0,75,7.7,0,4.5
SUR02668,District_8,0,52,6.7,0,1.8
SUR02669,District_8,0,49,4.9,0,2.0
SUR02670,District_8,0,47,5.1,0,3.9
SUR02671,District_8,0,63,4.3,0,3.8
SUR02672,District_8,0,76,6.2,0,4.4
SUR02673,District_8,0,32,7.2,0,7.7
SUR02674,District_8,0,62,6.6,0,3.0
SUR02675,District_8,0,54,6.4,1,1.0
SUR02676,District_8,0,57,4.6,0,5.8
SUR02677,District_8,0,74,5.2,0,1.9
SUR02678,District_8,0,69,4.9,1,5.5
SUR02679,District_8,0,70,6.7,0,2.5
SUR02680,District_8,0,61,5.6,0,4.2
SUR02681,District_8,0,59,6.9,0,3.5
SUR02682,District_8,0,65,6.1,0,3.3
SUR02683,District_8,0,90,4.4,0,1.0
SUR02684,District_8,0,57,3.6,1,3.2
SUR02685,District_8,0,60,8.3,0,2.1
SUR02686,District_8,0,47,5.0,0,4.8
SUR02687,District_8,0,33,5.8,0,7.9
SUR02688,District_8,0,73,8.0,0,4.0
SUR02689,District_8,0,53,6.3,1,7.2
SUR02690,District_8,0,65,4.2,0,1.0
SUR02691,District_8,0,60,5.7,0,4.5
SUR02692,District_8,0,76,7.6,0,3.5
SUR02693,District_8,0,52,6.1,1,2.8
SUR02694,District_8,0,38,10.0,0,1.0
SUR02695,District_8,0,74,2.9,0,5.0
SUR02696,District_8,0,60,5.1,0,5.7
SUR02697,District_8,0,58,3.8,0,4.3
SUR02698,District_8,0,27,6.6,0,1.3
SUR02699,District_8,0,64,3.9,0,2.4
SUR02700,District_8,0,32,4.5,0,3.3
SUR02701,District_8,0,68,4.8,1,6.2
SUR02702,District_8,0,52,5.8,0,1.9
SUR02703,District_8,0,63,5.3,0,5.4
SUR02704,District_8,0,56,6.9,0,6.5
SUR02705,District_8,0,51,4.2,0,4.0
SUR02706,District_8,0,45,6.1,0,4.6
SUR02707,District_8,0,28,5.3,1,3.8
SUR02708,District_8,0,53,3.0,1,1.8
SUR02709,District_8,0,60,7.1,0,4.3
SUR02710,District_8,0,61,4.6,0,2.5
SUR02711,District_8,0,67,5.8,0,5.8
SUR02712,District_8,0,61,4.4,0,5.8
SUR02713,District_8,0,83,9.4,1,4.2
SUR02714,District_8,0,49,7.8,0,3.3
SUR02715,District_8,0,80,4.9,0,5.2
SUR02716,District_8,0,58,6.0,0,2.9
SUR02717,District_8,0,65,6.0,0,1.0
SUR02718,District_8,0,69,3.7,0,2.4
SUR02719,District_8,0,10,6.5,0,3.4
SUR02720,District_8,0,78,5.7,1,2.1
SUR02721,District_8,0,63,7.1,1,6.5
SUR02722,District_8,0,46,5.4,0,1.4
SUR02723,District_8,0,50,4.0,0,4.8
SUR02724,District_8,0,67,4.6,0,4.2
SUR02725,District_8,0,51,4.0,0,2.1
SUR02726,District_8,0,47,5.8,0,4.1
SUR02727,District_8,0,53,6.6,1,2.1
SUR02728,District_8,0,44,3.7,0,4.3
SUR02729,District_8,0,39,6.1,0,4.2
SUR02730,District_8,0,55,6.6,0,1.0
SUR02731,District_8,0,20,6.2,0,1.0
SUR02732,District_8,0,62,3.8,0,6.8
SUR02733,District_8,0,42,7.9,1,4.8
SUR02734,District_8,0,83,6.1,1,3.0
SUR02735,District_8,0,63,3.4,0,3.5
SUR02736,District_8,0,68,4.8,0,3.3
SUR02737,District_8,0,36,4.8,0,5.9
SUR02738,District_8,0,69,5.3,1,3.4
SUR02739,District_8,0,33,7.6,0,1.5
SUR02740,District_8,0,51,5.9,0,3.2
SUR02741,District_8,0,33,5.4,0,2.7
SUR02742,District_8,0,53,7.7,0,3.8
SUR02743,District_8,0,60,6.3,0,6.6
SUR02744,District_8,0,52,8.5,1,1.6
SUR02745,District_8,0,46,5.7,0,2.1
SUR02746,District_8,0,65,7.8,0,5.3
SUR02747,District_8,0,56,2.8,1,2.5
SUR02748,District_8,0,54,6.6,1,6.1
SUR02749,District_8,0,60,5.4,0,5.9
SUR02750,District_8,0,41,6.0,0,5.4
SUR02751,District_8,0,67,6.2,1,6.3
SUR02752,District_8,0,68,6.5,1,5.8
SUR02753,District_8,0,51,7.8,0,3.0
SUR02754,District_8,0,60,6.4,0,8.5
SUR02755,District_8,0,58,5.6,0,1.7
SUR02756,District_8,0,70,6.3,0,4.1
SUR02757,District_8,0,90,4.4,0,3.6
SUR02758,District_8,0,75,8.2,0,7.0
SUR02759,District_8,0,40,4.7,0,5.3
SUR02760,District_8,0,68,6.7,1,5.5
SUR02761,District_8,0,93,7.3,0,5.3
SUR02762,District_8,0,43,6.4,0,2.8
SUR02763,District_8,0,75,4.8,0,2.8
SUR02764,District_8,0,65,4.7,1,7.6
SUR02765,District_8,0,59,7.2,0,6.9
SUR02766,District_8,0,60,6.2,0,3.9
SUR02767,District_8,0,51,5.0,0,2.9
SUR02768,District_8,0,36,4.5,0,4.7
SUR02769,District_8,0,70,4.7,0,6.6
SUR02770,District_8,0,33,5.9,0,5.0
SUR02771,District_8,0,53,8.9,0,3.3
SUR02772,District_8,0,56,4.0,0,4.2
SUR02773,District_8,0,51,2.5,0,4.4
SUR02774,District_8,0,59,5.6,0,7.1
SUR02775,District_8,0,82,4.8,0,2.5
SUR02776,District_8,0,59,5.1,0,4.4
SUR02777,District_8,0,60,4.1,0,5.6
SUR02778,District_8,0,70,7.3,1,2.3
SUR02779,District_8,0,63,5.0,0,3.2
SUR02780,District_8,0,58,6.3,1,5.8
SUR02781,District_8,0,52,7.7,1,4.8
SUR02782,District_8,0,57,5.3,0,5.4
SUR02783,District_8,0,63,4.5,1,6.5
SUR02784,District_8,0,63,5.4,0,4.0
SUR02785,District_8,0,43,5.5,1,7.5
SUR02786,District_8,0,37,6.3,1,7.0
SUR02787,District_8,0,63,5.6,0,4.0
SUR02788,District_8,0,45,5.7,0,5.4
SUR02789,District_8,0,57,5.0,1,4.7
SUR02790,District_8,0,53,5.9,1,1.4
SUR02791,District_8,0,50,6.0,0,7.0
SUR02792,District_8,0,63,6.3,0,2.5
SUR02793,District_8,0,57,3.4,0,5.8
SUR02794,District_8,0,73,4.0,1,4.1
SUR02795,District_8,0,67,3.7,0,2.1
SUR02796,District_8,0,44,6.9,1,6.1
SUR02797,District_8,0,50,4.0,0,5.4
SUR02798,District_8,0,53,5.0,0,2.9
SUR02799,District_8,0,47,5.6,0,2.0
SUR02800,District_8,0,72,3.6,0,4.4
