Date,Region,Customer ID,Satisfaction Score,Feedback Length,Issue Resolved
1/31/22,North,CUST1000,67,35,Yes
2/28/22,East,CUST1001,74,441,No
3/31/22,North,CUST1002,81,127,Yes
4/30/22,West,CUST1003,,429,Yes
5/31/22,West,CUST1004,68,43,No
6/30/22,South,CUST1005,62,228,Yes
7/31/22,North,CUST1006,60,204,Yes
8/31/22,North,CUST1007,77,78,Yes
9/30/22,East,CUST1008,69,406,Yes
10/31/22,South,CUST1009,86,154,Yes
11/30/22,North,CUST1010,86,242,Yes
12/31/22,North,CUST1011,65,38,No
1/31/23,South,CUST1012,66,101,Yes
2/28/23,North,CUST1013,93,,Yes
3/31/23,East,CUST1014,83,163,Yes
4/30/23,East,CUST1015,70,376,No
5/31/23,East,CUST1016,79,431,Yes
6/30/23,South,CUST1017,79,184,No
7/31/23,West,CUST1018,61,348,Yes
8/31/23,West,CUST1019,61,184,No
9/30/23,North,CUST1020,86,404,No
10/31/23,North,CUST1021,65,388,No
11/30/23,North,CUST1022,69,413,Yes
12/31/23,West,CUST1023,80,335,No
1/31/24,West,CUST1024,66,133,No
2/29/24,South,CUST1025,83,158,No
3/31/24,West,CUST1026,96,134,No
4/30/24,West,CUST1027,69,492,Yes
5/31/24,North,CUST1028,93,383,No
6/30/24,North,CUST1029,70,230,No
7/31/24,South,CUST1030,61,201,Yes
8/31/24,East,CUST1031,62,191,Yes
9/30/24,East,CUST1032,96,194,No
10/31/24,North,CUST1033,93,74,No
11/30/24,East,CUST1034,80,50,Yes
12/31/24,West,CUST1035,89,29,No
1/31/25,South,CUST1036,93,406,No
2/28/25,East,CUST1037,64,341,No
3/31/25,South,CUST1038,95,213,Yes
4/30/25,East,CUST1039,69,375,No
5/31/25,East,CUST1040,82,,No
6/30/25,East,CUST1041,93,417,No
7/31/25,South,CUST1042,93,274,Yes
8/31/25,South,CUST1043,65,145,Yes
9/30/25,East,CUST1044,80,300,Yes
10/31/25,East,CUST1045,67,452,No
11/30/25,West,CUST1046,81,296,No
12/31/25,East,CUST1047,85,183,No
1/31/26,North,CUST1048,63,358,No
2/28/26,South,CUST1049,69,426,No
3/31/26,South,CUST1050,60,201,No
4/30/26,North,CUST1051,98,160,No
5/31/26,North,CUST1052,89,366,Yes
6/30/26,South,CUST1053,80,150,Yes
7/31/26,East,CUST1054,67,181,Yes
8/31/26,North,CUST1055,100,94,Yes
9/30/26,North,CUST1056,89,147,No
10/31/26,South,CUST1057,93,22,Yes
11/30/26,South,CUST1058,72,305,Yes
12/31/26,West,CUST1059,71,28,No
1/31/27,East,CUST1060,74,418,Yes
2/28/27,North,CUST1061,96,214,No
3/31/27,East,CUST1062,90,72,Yes
4/30/27,North,CUST1063,88,463,Yes
5/31/27,West,CUST1064,97,364,No
6/30/27,South,CUST1065,93,81,Yes
7/31/27,West,CUST1066,75,479,Yes
8/31/27,East,CUST1067,76,353,Yes
9/30/27,West,CUST1068,90,39,Yes
10/31/27,West,CUST1069,75,368,Yes
11/30/27,West,CUST1070,87,437,No
12/31/27,West,CUST1071,73,246,No
1/31/28,West,CUST1072,84,279,No
2/29/28,North,CUST1073,,237,No
3/31/28,West,CUST1074,81,444,Yes
4/30/28,South,CUST1075,61,444,No
5/31/28,South,CUST1076,66,79,No
6/30/28,East,CUST1077,68,342,Yes
7/31/28,West,CUST1078,90,472,Yes
8/31/28,South,CUST1079,78,93,No
9/30/28,West,CUST1080,91,340,Yes
10/31/28,North,CUST1081,60,278,Yes
11/30/28,North,CUST1082,70,215,Yes
12/31/28,South,CUST1083,95,241,No
1/31/29,West,CUST1084,71,211,Yes
2/28/29,East,CUST1085,80,294,Yes
3/31/29,East,CUST1086,63,,No
4/30/29,South,CUST1087,98,500,No
5/31/29,East,CUST1088,69,155,Yes
6/30/29,South,CUST1089,71,292,Yes
7/31/29,East,CUST1090,68,339,No
8/31/29,South,CUST1091,66,105,Yes
9/30/29,South,CUST1092,73,243,No
10/31/29,South,CUST1093,62,345,No
11/30/29,South,CUST1094,86,99,Yes
12/31/29,East,CUST1095,69,181,No
1/31/30,West,CUST1096,82,97,No
2/28/30,West,CUST1097,61,367,Yes
3/31/30,West,CUST1098,88,470,No
4/30/30,North,CUST1099,65,424,Yes
5/31/30,West,CUST1100,61,210,No
6/30/30,East,CUST1101,71,54,No
7/31/30,East,CUST1102,98,372,No
8/31/30,West,CUST1103,80,73,Yes
9/30/30,West,CUST1104,79,306,No
10/31/30,North,CUST1105,90,300,Yes
11/30/30,East,CUST1106,61,434,No
12/31/30,South,CUST1107,89,391,No
1/31/31,South,CUST1108,97,282,No
2/28/31,West,CUST1109,94,230,No
3/31/31,North,CUST1110,61,396,Yes
4/30/31,West,CUST1111,64,191,No
5/31/31,West,CUST1112,91,123,No
6/30/31,South,CUST1113,69,111,No
7/31/31,West,CUST1114,97,142,No
8/31/31,South,CUST1115,96,477,No
9/30/31,West,CUST1116,81,106,Yes
10/31/31,South,CUST1117,100,,No
11/30/31,West,CUST1118,89,392,Yes
12/31/31,East,CUST1119,92,382,No
1/31/32,North,CUST1120,99,36,No
2/29/32,South,CUST1121,75,336,Yes
3/31/32,West,CUST1122,97,426,Yes
4/30/32,South,CUST1123,63,302,Yes
5/31/32,East,CUST1124,95,298,No
6/30/32,South,CUST1125,68,418,No
7/31/32,North,CUST1126,81,233,Yes
8/31/32,South,CUST1127,86,460,No
9/30/32,West,CUST1128,84,145,No
10/31/32,East,CUST1129,62,315,Yes
11/30/32,North,CUST1130,86,219,No
12/31/32,West,CUST1131,81,492,Yes
1/31/33,East,CUST1132,81,309,Yes
2/28/33,West,CUST1133,66,324,No
3/31/33,North,CUST1134,93,101,No
4/30/33,West,CUST1135,63,455,Yes
5/31/33,East,CUST1136,74,37,Yes
6/30/33,South,CUST1137,69,30,Yes
7/31/33,North,CUST1138,80,112,No
8/31/33,West,CUST1139,90,214,Yes
9/30/33,North,CUST1140,91,220,No
10/31/33,North,CUST1141,61,301,Yes
11/30/33,West,CUST1142,91,70,No
12/31/33,North,CUST1143,69,287,No
1/31/34,East,CUST1144,67,169,Yes
2/28/34,North,CUST1145,80,236,Yes
3/31/34,South,CUST1146,60,399,No
4/30/34,South,CUST1147,79,105,Yes
5/31/34,South,CUST1148,91,159,No
6/30/34,North,CUST1149,60,71,Yes
7/31/34,North,CUST1150,98,110,No
8/31/34,North,CUST1151,91,370,Yes
9/30/34,South,CUST1152,93,312,Yes
10/31/34,South,CUST1153,100,494,No
11/30/34,North,CUST1154,65,275,Yes
12/31/34,South,CUST1155,64,243,Yes
1/31/35,South,CUST1156,60,64,No
2/28/35,South,CUST1157,89,330,No
3/31/35,West,CUST1158,88,361,Yes
4/30/35,East,CUST1159,84,77,Yes
5/31/35,East,CUST1160,75,339,No
6/30/35,South,CUST1161,92,426,No
7/31/35,West,CUST1162,92,409,No
8/31/35,North,CUST1163,93,52,No
9/30/35,East,CUST1164,67,264,Yes
10/31/35,South,CUST1165,86,168,No
11/30/35,West,CUST1166,92,21,Yes
12/31/35,West,CUST1167,87,74,Yes
1/31/36,North,CUST1168,62,411,No
2/29/36,East,CUST1169,83,146,Yes
3/31/36,North,CUST1170,80,126,No
4/30/36,South,CUST1171,71,443,Yes
5/31/36,South,CUST1172,74,263,Yes
6/30/36,North,CUST1173,94,444,Yes
7/31/36,East,CUST1174,88,168,No
8/31/36,East,CUST1175,96,117,Yes
9/30/36,North,CUST1176,88,361,Yes
10/31/36,West,CUST1177,65,414,No
11/30/36,South,CUST1178,87,479,Yes
12/31/36,West,CUST1179,88,89,No
1/31/37,West,CUST1180,63,357,Yes
2/28/37,East,CUST1181,71,54,Yes
3/31/37,West,CUST1182,93,76,No
4/30/37,North,CUST1183,70,331,No
5/31/37,West,CUST1184,69,382,Yes
6/30/37,South,CUST1185,73,304,Yes
7/31/37,East,CUST1186,93,407,Yes
8/31/37,South,CUST1187,82,376,Yes
9/30/37,North,CUST1188,78,365,No
10/31/37,East,CUST1189,88,143,Yes
11/30/37,East,CUST1190,89,134,Yes
12/31/37,North,CUST1191,91,244,No
1/31/38,East,CUST1192,78,420,Yes
2/28/38,South,CUST1193,86,490,Yes
3/31/38,East,CUST1194,69,321,Yes
4/30/38,South,CUST1195,62,344,No
5/31/38,West,CUST1196,90,150,No
6/30/38,East,CUST1197,60,476,Yes
7/31/38,North,CUST1198,82,106,No
8/31/38,North,CUST1199,70,159,No
9/30/38,North,CUST1200,75,370,Yes
10/31/38,South,CUST1201,88,198,No
11/30/38,West,CUST1202,100,169,Yes
12/31/38,West,CUST1203,85,77,Yes
1/31/39,North,CUST1204,97,237,Yes
2/28/39,East,CUST1205,89,449,No
3/31/39,East,CUST1206,83,89,Yes
4/30/39,East,CUST1207,98,86,Yes
5/31/39,North,CUST1208,86,496,Yes
6/30/39,North,CUST1209,87,281,Yes
7/31/39,East,CUST1210,79,450,No
8/31/39,South,CUST1211,67,95,Yes
9/30/39,South,CUST1212,91,216,Yes
10/31/39,North,CUST1213,79,443,No
11/30/39,South,CUST1214,99,128,No
12/31/39,West,CUST1215,87,71,No
1/31/40,South,CUST1216,86,429,Yes
2/29/40,West,CUST1217,,91,No
3/31/40,North,CUST1218,69,159,Yes
4/30/40,East,CUST1219,94,63,Yes
5/31/40,North,CUST1220,100,355,Yes
6/30/40,West,CUST1221,75,37,Yes
7/31/40,North,CUST1222,99,41,No
8/31/40,West,CUST1223,87,484,No
9/30/40,West,CUST1224,60,267,Yes
10/31/40,East,CUST1225,81,491,No
11/30/40,South,CUST1226,96,54,No
12/31/40,South,CUST1227,70,95,Yes
1/31/41,West,CUST1228,65,139,No
2/28/41,South,CUST1229,63,252,No
3/31/41,North,CUST1230,73,468,No
4/30/41,East,CUST1231,85,40,No
5/31/41,South,CUST1232,74,,No
6/30/41,South,CUST1233,98,346,No
7/31/41,South,CUST1234,70,433,Yes
8/31/41,South,CUST1235,71,114,No
9/30/41,West,CUST1236,65,195,Yes
10/31/41,West,CUST1237,100,121,No
11/30/41,South,CUST1238,60,441,No
12/31/41,North,CUST1239,90,373,No
1/31/42,West,CUST1240,80,291,No
2/28/42,East,CUST1241,66,414,Yes
3/31/42,South,CUST1242,84,462,No
4/30/42,East,CUST1243,66,407,No
5/31/42,East,CUST1244,74,158,No
6/30/42,South,CUST1245,62,474,No
7/31/42,West,CUST1246,66,392,Yes
8/31/42,East,CUST1247,79,385,No
9/30/42,North,CUST1248,74,437,Yes
10/31/42,East,CUST1249,96,320,Yes
11/30/42,North,CUST1250,89,312,No
12/31/42,North,CUST1251,64,202,No
1/31/43,East,CUST1252,61,358,Yes
2/28/43,North,CUST1253,68,142,No
3/31/43,North,CUST1254,80,372,Yes
4/30/43,West,CUST1255,73,64,Yes
5/31/43,East,CUST1256,82,91,Yes
6/30/43,North,CUST1257,63,187,Yes
7/31/43,North,CUST1258,76,408,No
8/31/43,West,CUST1259,78,405,Yes
9/30/43,North,CUST1260,77,92,No
10/31/43,South,CUST1261,76,265,Yes
11/30/43,West,CUST1262,68,448,No
12/31/43,South,CUST1263,94,377,Yes
1/31/44,East,CUST1264,87,264,No
2/29/44,East,CUST1265,89,274,Yes
3/31/44,South,CUST1266,74,482,No
4/30/44,West,CUST1267,93,494,No
5/31/44,West,CUST1268,65,242,Yes
6/30/44,South,CUST1269,73,316,No
7/31/44,South,CUST1270,61,106,Yes
8/31/44,East,CUST1271,64,425,No
9/30/44,South,CUST1272,81,393,No
10/31/44,West,CUST1273,70,75,No
11/30/44,South,CUST1274,60,399,Yes
12/31/44,South,CUST1275,79,85,No
1/31/45,West,CUST1276,86,394,Yes
2/28/45,North,CUST1277,78,211,Yes
3/31/45,North,CUST1278,65,451,No
4/30/45,East,CUST1279,93,132,No
5/31/45,East,CUST1280,99,325,No
6/30/45,West,CUST1281,75,205,No
7/31/45,South,CUST1282,96,309,No
8/31/45,North,CUST1283,79,169,No
9/30/45,West,CUST1284,88,220,Yes
10/31/45,North,CUST1285,93,386,No
11/30/45,South,CUST1286,89,458,No
12/31/45,South,CUST1287,68,334,No
1/31/46,North,CUST1288,78,438,No
2/28/46,South,CUST1289,94,220,No
3/31/46,North,CUST1290,89,243,No
4/30/46,South,CUST1291,94,460,No
5/31/46,West,CUST1292,69,413,Yes
6/30/46,North,CUST1293,64,146,Yes
7/31/46,East,CUST1294,79,118,No
8/31/46,West,CUST1295,79,372,No
9/30/46,East,CUST1296,99,155,No
10/31/46,North,CUST1297,90,306,Yes
11/30/46,East,CUST1298,83,204,Yes
12/31/46,East,CUST1299,98,173,Yes